INDICATIVO,AÑO,MES,NOMBRE,ALTITUD,NOM_PROV,P1,P2,P3,P4,P5,P6,P7,P8,P9,P10,P11,P12,P13,P14,P15,P16,P17,P18,P19,P20,P21,P22,P23,P24,P25,P26,P27,P28,P29,P30,P31,MET1,MET2,MET3,MET4,MET5,MET6,MET7,MET8,MET9,MET10,MET11,MET12,MET13,MET14,MET15,MET16,MET17,MET18,MET19,MET20,MET21,MET22,MET23,MET24,MET25,MET26,MET27,MET28,MET29,MET30,MET31
1002E,1992,1,SEÑORIO DE BERTIZ,146,NAVARRA,0,0,0,0,0,0,0,2,116,258,1,9,0,0,0,0,2,0,0,69,-3,10,11,2,0,-3,0,0,0,0,0,067X,077X,077X,077X,077X,077X,077X,011X,011X,011X,011X,011X,,057X077X,077X,077X,011X,057X,,011X,011X,021X067X,021X081X,131X,057X067X,011X067X,067X,077X,077X,077X,077X
1002E,1992,2,SEÑORIO DE BERTIZ,146,NAVARRA,0,0,0,0,-3,0,0,0,2,0,0,184,176,0,6,24,0,0,0,0,0,0,0,-3,0,-3,0,0,0,,,057X077X,077X,077X,067X,011X067X,067X,057X067X,067X,011X067X,067X,,011X,011X,057X,011X067X,011X,,077X,067X,057X077X,077X,077X,077X,011X077X,,011X057X067X,057X067X,077X,067X,,
1002E,1992,3,SEÑORIO DE BERTIZ,146,NAVARRA,0,0,0,0,2,23,12,4,0,56,9,0,11,60,22,4,0,0,0,0,3,12,373,202,46,528,595,11,12,82,95,067X,067X,057X077X,057X077X,011X,011X,011X067X,011X,057X067X,011X067X,011X057X,067X,011X067X,011X057X,011X057X,011X057X,057X067X,057X067X,057X067X,057X067X,011X057X067X,011X067X,011X057X,011X021X,011X057X,011X021X057X,011X021X,011X021X,011X,011X057X,011X067X
1002E,1992,4,SEÑORIO DE BERTIZ,146,NAVARRA,62,3,12,104,-3,132,214,396,0,0,0,89,0,54,182,214,143,35,0,0,0,0,0,0,0,0,-3,149,106,30,,011X,011X,011X067X,011X067X,011X,011X067X,011X,011X,,067X,057X067X,011X057X067X,,011X067X,011X,011X031X,011X,011X057X,,057X067X,057X067X,057X067X,057X067X,067X,067X,067X,011X067X,011X067X,011X,011X,
1002E,1992,5,SEÑORIO DE BERTIZ,146,NAVARRA,183,94,0,-3,-3,0,0,0,0,10,0,0,0,0,0,0,0,0,0,0,0,273,84,26,0,0,7,12,-3,194,97,011X057X,011X,067X,011X067X,011X067X,067X,067X,067X,067X,011X067X,057X,067X,067X,057X,067X,067X,067X,067X,,057X,067X,011X067X,011X,011X057X,057X,067X,011X067X,011X,011X067X,011X067X,011X
1002E,1992,6,SEÑORIO DE BERTIZ,146,NAVARRA,9,102,39,117,0,0,52,77,65,37,2,0,187,-3,96,66,5,-3,40,0,45,331,374,56,-3,0,0,-3,53,71,,011X,011X057X,011X,011X,,057X,011X057X,011X,011X,011X,011X057X,067X,011X057X067X,011X057X067X,011X057X067X,011X057X,011X057X,011X057X,011X057X067X,057X067X,011X067X,011X,011X,011X,131X,057X067X,057X067X,011X057X067X,011X057X067X,011X,
1002E,1992,7,SEÑORIO DE BERTIZ,146,NAVARRA,90,0,0,173,435,63,5,-3,114,14,-3,0,0,0,0,0,0,0,0,28,3,0,1,16,0,0,0,0,0,0,0,011X,057X,067X,011X057X,011X057X,011X057X,011X057X,011X057X,011X057X067X,011X,011X067X,,067X,057X067X,057X067X,057X067X,057X067X,067X,067X,011X067X,011X,057X067X,011X057X067X,011X057X,067X,057X067X,057X067X,067X,067X,067X,067X
1002E,1992,8,SEÑORIO DE BERTIZ,146,NAVARRA,17,-3,16,-3,-3,0,15,870,3,0,1,-3,0,0,0,0,0,5,130,-3,0,0,0,0,0,0,0,270,43,146,35,011X067X,011X067X,011X067X,011X067X,011X041X067X,067X,011X041X,011X031X041X,011X057X,057X,057X,011X,057X067X,057X067X,057X067X,057X067X,067X,011X041X067X,011X041X,011X067X,067X,057X067X,067X,067X,067X,067X,057X067X,011X067X,011X057X,011X057X,011X
1002E,1992,9,SEÑORIO DE BERTIZ,146,NAVARRA,0,-3,34,35,0,0,254,78,0,-3,0,0,0,2,0,0,23,-3,0,50,26,0,-3,0,-3,21,399,0,0,0,,067X,011X067X,011X031X057X,011X057X,057X067X,067X,011X067X,011X,067X,067X,067X,057X067X,057X067X,011X057X067X,057X067X,057X067X,011X057X067X,011X057X,067X,011X041X067X,011X041X,,011X067X,057X067X,011X067X,011X041X,011X,057X067X,057X067X,057X067X,
1002E,1992,10,SEÑORIO DE BERTIZ,146,NAVARRA,0,123,484,642,769,123,0,53,50,108,-3,3,12,0,49,228,-3,3,3,134,41,650,406,59,3,12,29,84,222,99,0,057X067X,011X057X,011X,011X,011X057X,011X057X,057X,011X067X,011X057X,011X057X,011X057X,011X067X,011X067X,057X,011X057X067X,011X057X,011X067X,011X067X,011X057X,011X067X,011X,011X,011X057X,011X,011X057X,011X057X,011X,011X,011X,011X057X,
1002E,1992,12,SEÑORIO DE BERTIZ,146,NAVARRA,-3,125,6,294,443,250,331,516,114,0,0,48,5,-3,2,93,0,0,0,0,0,5,20,17,3,0,0,0,0,0,0,011X,011X057X,011X057X,011X,011X,011X,011X,011X,011X,057X,057X,011X057X,011X057X,011X,011X,011X,067X,,,067X,067X,011X,011X057X,011X057X,057X,057X,057X067X,077X,077X,077X,077X
1002E,1993,1,SEÑORIO DE BERTIZ,146,NAVARRA,0,0,0,3,3,0,0,0,0,0,0,0,0,0,0,0,0,0,0,0,0,0,0,4,74,1,1,0,0,0,0,077X,067X,067X,011X077X,011X,077X,077X,057X067X,057X067X,077X,,,067X,067X,,067X,067X,077X,077X,077X,077X,077X,077X,011X057X077X,011X057X,011X,011X067X,057X067X,077X,057X077X,067X
1002E,1993,2,SEÑORIO DE BERTIZ,146,NAVARRA,0,0,0,0,0,0,0,0,0,0,0,0,0,0,0,0,0,0,1,0,108,0,0,0,0,384,230,3,,,,077X,077X,077X,077X,077X,067X,077X,077X,077X,077X,067X,067X,077X,077X,077X,057X067X,067X,057X067X,011X067X,,011X057X,077X,077X,077X,077X,011X021X077X,011X021X,021X,,,
1002E,1993,3,SEÑORIO DE BERTIZ,146,NAVARRA,101,34,42,7,0,0,0,0,-3,0,0,0,0,0,0,0,0,0,-3,72,48,1,105,5,0,0,0,66,0,0,42,021X,011X021X081X,011X057X081X,011X057X,067X,077X,077X,067X,011X067X,067X,067X,067X,067X,067X,067X,067X,057X067X,067X,011X057X067X,011X067X,011X,011X,011X067X,011X,067X,067X,077X,011X057X077X,057X,067X,011X
1002E,1993,4,SEÑORIO DE BERTIZ,146,NAVARRA,202,155,160,18,1,2,0,0,0,23,15,52,136,160,472,34,0,0,0,0,36,-3,340,160,102,16,16,129,18,17,,011X,011X,011X057X,011X,011X,011X,067X,067X,057X,011X067X,011X041X067X,011X,011X,011X041X,011X041X,011X,067X,057X067X,067X,067X,011X067X,011X,011X067X,011X057X,011X057X,011X,011X,011X,011X057X,011X057X,
1002E,1993,5,SEÑORIO DE BERTIZ,146,NAVARRA,65,37,0,15,0,0,-3,0,6,85,13,43,75,62,2,0,3,136,67,11,0,0,0,231,165,0,4,0,28,0,0,011X057X,011X057X,057X,011X057X067X,057X,067X,011X057X067X,067X,011X067X,011X057X,011X,011X057X,011X,011X057X,011X057X,057X067X,011X,011X,011X,011X,057X067X,067X,067X,011X041X067X,011X,057X,011X,057X,011X057X,,067X
1002E,1993,6,SEÑORIO DE BERTIZ,146,NAVARRA,220,0,0,0,190,11,2,153,88,131,125,50,5,0,6,0,0,0,140,40,0,30,47,0,0,0,0,0,-3,7,,011X067X,057X,067X,067X,011X067X,011X,011X,011X041X057X067X,011X057X,011X041X,011X,011X,011X,,011X057X,067X,067X,067X,011X057X067X,011X,,011X041X,011X,057X,057X067X,057X067X,057X,067X,011X067X,011X067X,
1002E,1993,7,SEÑORIO DE BERTIZ,146,NAVARRA,59,64,14,-3,107,0,0,0,45,160,33,0,0,0,0,0,0,13,35,33,0,0,0,30,-3,0,0,0,18,6,0,011X067X,011X,011X,011X067X,011X057X,057X067X,057X067X,067X,011X057X067X,011X067X,011X,,067X,057X067X,067X,067X,057X,011X057X,011X057X,011X,057X,,067X,011X067X,011X,057X067X,057X067X,057X067X,011X,011X,057X
1002E,1993,8,SEÑORIO DE BERTIZ,146,NAVARRA,0,0,0,0,0,10,52,11,0,15,0,0,0,290,2,0,0,0,0,0,0,-3,330,124,331,143,59,0,0,0,0,057X067X,057X067X,057X067X,057X067X,067X,011X041X,011X,011X,067X,011X,057X,067X,,011X,011X,067X,067X,057X,057X067X,067X,067X,011X057X,011X041X,011X041X,011X041X,011X041X057X,011X,,067X,067X,067X
1002E,1993,9,SEÑORIO DE BERTIZ,146,NAVARRA,0,0,0,0,0,73,15,0,20,0,0,0,0,0,0,54,102,0,0,293,196,160,870,108,313,44,124,2,48,20,,057X067X,057X067X,057X067X,057X067X,057X067X,011X057X,011X,067X,011X067X,067X,067X,067X,,067X,067X,011X,011X,,067X,011X031X067X,011X057X,011X,011X,011X,011X,011X,011X,011X,011X067X,011X,
1002E,1993,10,SEÑORIO DE BERTIZ,146,NAVARRA,136,350,53,0,10,30,5,3,67,0,104,15,25,0,-3,-3,89,0,0,241,100,135,60,7,3,0,30,2,0,0,30,011X,011X,011X,,011X041X067X,011X067X,011X067X,011X,011X067X,,011X,011X,011X,,011X067X,011X,011X,,,011X067X,011X,011X,011X,011X,011X,,011X057X067X,011X,,067X,011X
1002E,1993,11,SEÑORIO DE BERTIZ,146,NAVARRA,0,2,2,0,65,220,80,0,0,50,20,0,-3,21,0,0,0,0,0,0,0,0,0,5,1,0,0,0,56,308,,067X,011X067X,011X,,011X057X067X,011X,011X,,057X067X,011X067X,011X,067X,011X067X,011X,057X067X,057X067X,077X,077X,077X,067X,067X,077X,067X,011X077X,011X,067X,057X067X,067X,011X067X,011X,
1002E,1993,12,SEÑORIO DE BERTIZ,146,NAVARRA,162,180,0,0,130,15,80,6,8,24,3,0,27,128,23,44,1,160,3,54,159,0,165,500,904,329,61,91,113,49,103,011X031X,011X,067X,067X,011X,011X067X,011X,011X,011X,011X067X,011X,057X067X,011X077X,011X,011X,011X,011X,011X077X,011X,011X067X,011X,,011X,011X,011X,011X,011X,011X,011X,011X,011X
1002E,1994,1,SEÑORIO DE BERTIZ,146,NAVARRA,0,0,289,0,160,202,88,64,38,124,8,0,0,32,78,262,0,0,0,0,0,0,18,32,67,6,45,19,0,0,0,,067X,011X,,011X067X,011X,011X,011X,011X057X,011X,011X057X,,067X,011X067X,011X067X,011X067X,067X,077X,077X,077X,077X,067X,011X077X,011X,011X,011X067X,011X057X067X,011X,057X067X,077X,057X
1002E,1994,2,SEÑORIO DE BERTIZ,146,NAVARRA,0,-3,145,251,305,0,170,246,4,6,30,260,0,6,0,0,55,77,124,22,34,56,56,13,0,0,0,163,,,,077X,011X077X,011X067X,011X021X,011X021X,057X,011X067X,011X021X,057X,011X057X,011X067X,011X,067X,011X067X,067X,067X,011X077X,011X,011X057X067X,011X041X,011X077X,011X057X067X,011X,011X,067X,,067X,011X067X,,,
1002E,1994,3,SEÑORIO DE BERTIZ,146,NAVARRA,11,19,39,0,100,0,0,0,0,0,9,4,90,15,5,13,0,0,0,0,95,-3,0,0,127,44,0,0,0,0,0,011X,011X067X,011X057X,057X067X,011X067X,057X067X,067X,057X067X,067X,057X067X,011X067X,011X057X,011X067X,011X,011X067X,011X067X,067X,057X067X,057X067X,057X067X,011X,011X,067X,067X,011X067X,011X,067X,067X,067X,067X,067X
1002E,1994,4,SEÑORIO DE BERTIZ,146,NAVARRA,183,447,440,222,280,167,260,26,523,341,5,0,95,39,0,13,259,6,5,0,0,0,0,142,0,0,0,0,0,0,,011X,011X031X041X,011X,011X,011X,011X,011X,011X,011X,011X041X,011X041X,067X,011X067X,011X057X,,011X067X,011X,011X,011X,057X067X,057X067X,067X,067X,011X,067X,067X,067X,057X067X,067X,067X,
1002E,1994,5,SEÑORIO DE BERTIZ,146,NAVARRA,0,0,5,8,0,0,306,2,9,0,63,0,89,0,48,13,99,18,0,43,3,110,43,-3,0,0,0,0,0,0,0,057X067X,067X,011X067X,011X057X,067X,067X,011X057X067X,011X,011X057X067X,067X,011X067X,067X,011X,067X,011X,011X,011X067X,011X041X,067X,011X067X,011X,011X041X067X,011X067X,011X,067X,067X,067X,067X,057X067X,,067X
1002E,1994,6,SEÑORIO DE BERTIZ,146,NAVARRA,204,0,0,17,0,0,0,31,0,0,0,0,0,0,0,0,0,106,14,0,0,0,0,296,315,46,0,0,0,0,,011X041X067X,,067X,011X067X,,067X,067X,011X067X,067X,067X,067X,067X,067X,067X,067X,067X,067X,011X067X,011X,067X,067X,,067X,011X,011X,011X,067X,067X,067X,067X,
1002E,1994,7,SEÑORIO DE BERTIZ,146,NAVARRA,0,0,0,4,0,0,0,0,0,0,0,2,0,0,0,0,3,0,8,0,0,48,0,7,0,0,0,0,17,0,36,067X,067X,067X,011X067X,,067X,067X,067X,067X,067X,067X,011X067X,057X,067X,,067X,011X067X,,011X,,,011X,,011X,,,,,011X,,011X
1002E,1994,8,SEÑORIO DE BERTIZ,146,NAVARRA,0,0,7,150,0,28,0,0,4,13,0,11,5,0,0,30,2,0,0,0,0,0,19,10,22,26,0,0,0,0,0,,067X,011X041X,011X,,011X067X,,,011X067X,011X,067X,011X067X,011X,,067X,011X067X,011X,067X,057X,057X,067X,,011X057X,011X,011X,011X,067X,,,,
1002E,1994,9,SEÑORIO DE BERTIZ,146,NAVARRA,43,7,0,0,0,0,10,42,41,0,0,0,11,127,81,115,86,7,152,131,29,39,265,0,0,11,103,12,5,0,,011X057X067X,011X057X,057X067X,067X,057X067X,067X,011X057X067X,011X057X,011X067X,057X,067X,067X,011X067X,011X067X,011X,011X,011X,011X,011X057X067X,011X,011X,011X,011X,067X,067X,011X067X,011X,011X,011X,067X,
1002E,1994,10,SEÑORIO DE BERTIZ,146,NAVARRA,0,10,69,89,0,0,0,0,0,0,19,0,0,0,143,172,0,23,62,12,14,74,69,0,47,7,336,21,0,0,0,067X,011X067X,011X,011X,067X,057X067X,067X,067X,067X,067X,011X067X,057X067X,057X067X,067X,011X067X,011X,057X,011X067X,011X,011X057X067X,011X057X067X,011X067X,011X,067X,011X067X,011X,011X067X,011X,067X,067X,067X
1002E,1994,11,SEÑORIO DE BERTIZ,146,NAVARRA,0,0,140,211,27,4,0,0,74,142,23,158,0,0,0,44,120,0,0,0,0,0,0,0,0,0,0,0,0,0,,067X,067X,011X,011X,011X,011X067X,,067X,011X,011X,011X,011X,057X,057X067X,067X,011X057X067X,011X,057X,057X067X,067X,067X,067X,067X,067X,067X,067X,067X,057X067X,067X,067X,
1002E,1994,12,SEÑORIO DE BERTIZ,146,NAVARRA,0,0,0,0,15,0,28,0,55,18,0,0,12,0,0,0,0,95,195,341,462,21,0,0,0,0,0,0,0,133,262,067X,,,067X,011X,,011X067X,067X,011X067X,011X,,067X,011X067X,057X,067X,057X067X,057X067X,011X067X,011X,011X,011X,011X,,067X,057X067X,057X067X,077X,077X,067X,011X067X,011X
1002E,1995,1,SEÑORIO DE BERTIZ,146,NAVARRA,238,64,0,0,347,279,0,245,89,133,531,0,0,0,0,0,189,51,16,56,0,0,85,5,0,68,12,17,128,25,0,011X021X,011X,067X,077X,011X077X,011X,077X,011X077X,011X,011X,011X,,077X,077X,077X,077X,011X,011X,011X077X,011X,077X,,011X,011X057X,067X,011X,011X057X,011X,011X067X,011X,067X
1002E,1995,2,SEÑORIO DE BERTIZ,146,NAVARRA,50,17,0,0,0,0,0,52,44,21,5,6,41,53,39,0,121,21,0,0,213,0,48,112,269,359,0,0,,,,011X077X,011X057X,057X067X,077X,057X067X,057X067X,057X077X,011X067X,011X,011X,011X057X067X,011X,011X,011X057X,011X067X,067X,011X,011X,067X,067X,011X067X,067X,011X077X,011X057X,011X,011X021X,057X,077X,,,
1002E,1995,3,SEÑORIO DE BERTIZ,146,NAVARRA,66,49,27,347,424,173,30,27,0,0,0,0,0,0,204,0,0,0,54,0,0,0,0,0,0,0,48,52,133,0,0,011X077X,011X,011X,011X,011X,011X,011X057X,011X,067X,,,067X,067X,057X067X,011X057X,,067X,067X,011X067X,,077X,077X,,077X,057X,067X,011X067X,011X,011X,077X,077X
1002E,1995,4,SEÑORIO DE BERTIZ,146,NAVARRA,0,0,0,0,0,0,0,0,0,0,0,0,0,0,0,10,0,0,31,111,43,69,136,145,81,31,2,0,0,0,,077X,067X,067X,067X,057X067X,067X,067X,067X,057X067X,067X,067X,067X,067X,067X,067X,011X,,067X,011X067X,011X,011X,011X067X,011X,011X,011X,011X,011X067X,,067X,067X,
1002E,1995,5,SEÑORIO DE BERTIZ,146,NAVARRA,0,0,0,0,0,0,0,0,0,0,78,317,53,22,71,177,0,19,0,0,0,0,0,18,0,0,0,0,27,96,82,067X,067X,067X,067X,067X,067X,067X,067X,067X,067X,011X031X067X,011X,011X,011X057X067X,011X,011X,067X,011X,067X,067X,067X,067X,,011X,,067X,067X,067X,011X067X,011X,011X
1002E,1995,6,SEÑORIO DE BERTIZ,146,NAVARRA,10,11,0,0,0,0,0,10,20,12,31,3,0,0,0,0,0,0,38,0,0,0,0,0,0,13,0,0,0,3,,011X,011X,,067X,067X,067X,067X,011X067X,011X,011X,011X,011X,067X,067X,067X,067X,067X,067X,011X041X067X,,067X,,,067X,,011X,,067X,,011X,
1002E,1995,7,SEÑORIO DE BERTIZ,146,NAVARRA,306,61,102,79,2,0,0,0,7,16,0,0,38,0,7,0,0,0,0,0,0,0,0,0,0,0,0,0,0,0,2,011X,011X,011X,011X,011X,067X,067X,067X,011X067X,011X,,067X,011X067X,067X,011X067X,,067X,,,067X,,,,067X,067X,067X,,,067X,,011X
1002E,1995,8,SEÑORIO DE BERTIZ,146,NAVARRA,143,0,0,6,0,0,83,2,0,0,0,0,25,0,0,0,0,0,0,0,2,0,0,58,12,23,0,3,0,0,0,011X041X,,,011X,,,011X,011X,067X,,067X,,011X,,,067X,,,067X,,011X,,,011X067X,011X,011X,,011X,067X,067X,067X
1002E,1995,9,SEÑORIO DE BERTIZ,146,NAVARRA,0,0,0,9,0,0,18,0,0,158,79,45,54,22,12,0,52,3,499,80,22,0,10,60,6,0,52,28,0,72,,067X,067X,067X,011X,057X,,011X,,067X,011X,011X,011X,011X,011X,011X,067X,011X,011X,011X,011X,011X,,011X067X,011X057X,011X,057X,011X057X067X,011X057X,057X,011X,
1002E,1995,10,SEÑORIO DE BERTIZ,146,NAVARRA,1,0,0,41,1,0,0,0,0,0,0,0,0,52,0,0,0,7,0,0,0,0,0,0,0,0,0,2,0,0,0,011X057X,067X,,011X067X,011X,067X,067X,067X,067X,067X,067X,067X,067X,011X067X,057X067X,057X067X,067X,011X067X,057X,057X067X,067X,057X067X,,,,067X,067X,011X067X,,057X067X,067X
1002E,1995,11,SEÑORIO DE BERTIZ,146,NAVARRA,0,0,0,0,0,0,0,0,-3,-3,33,2,0,0,0,12,60,28,0,0,53,393,0,0,122,0,0,0,0,20,,067X,057X067X,067X,067X,077X,077X,077X,077X,011X077X,011X,011X,011X,,057X067X,067X,011X067X,011X,011X,,067X,011X067X,011X,,067X,011X,,077X,067X,067X,011X,
1002E,1995,12,SEÑORIO DE BERTIZ,146,NAVARRA,0,451,251,220,0,0,105,0,0,0,0,0,0,0,64,2,0,0,0,0,0,0,75,143,235,42,59,0,23,0,4,057X,011X067X,011X,011X,057X067X,067X,011X,057X,067X,057X067X,067X,057X067X,067X,077X,011X077X,011X,077X,077X,,,,,011X,011X,011X,011X,011X077X,067X,011X067X,,011X
1002E,1996,1,SEÑORIO DE BERTIZ,146,NAVARRA,59,6,0,0,149,57,2,29,203,20,0,45,0,0,0,0,0,0,0,0,34,40,20,374,15,0,0,0,16,17,0,011X,011X,057X,067X,011X,011X067X,011X067X,011X067X,011X,011X,,011X,,,,067X,,067X,,,011X,011X,011X,011X,011X,067X,067X,,011X067X,011X057X,057X
1002E,1996,2,SEÑORIO DE BERTIZ,146,NAVARRA,14,16,59,6,358,312,342,33,28,103,176,185,42,4,0,0,8,180,290,210,50,62,6,0,6,251,0,0,0,,,011X067X,011X,011X067X,011X,011X067X,011X031X,011X031X,011X,011X077X,011X057X,011X,011X,011X,011X057X,067X,067X,011X057X,011X057X067X,011X021X081X,021X081X,021X081X,021X081X,011X,067X,011X,011X021X,057X,057X077X,057X077X,,
1002E,1996,3,SEÑORIO DE BERTIZ,146,NAVARRA,22,19,0,0,0,0,0,0,0,0,0,0,78,225,161,113,0,0,0,0,0,0,0,0,0,0,173,9,0,0,3,011X057X077X,011X,067X,067X,067X,077X,077X,067X,,067X,067X,077X,011X067X,011X,011X,011X,057X,067X,067X,067X,067X,067X,067X,,067X,067X,011X,011X,067X,057X067X,011X
1002E,1996,4,SEÑORIO DE BERTIZ,146,NAVARRA,68,0,0,0,0,0,5,0,0,0,0,0,12,13,0,323,115,0,0,0,13,94,40,0,0,0,0,92,2,50,,011X067X,,067X,077X,077X,067X,011X057X,057X067X,067X,067X,067X,067X,011X,011X,,011X067X,011X,057X067X,067X,,011X,011X,011X041X,057X,067X,057X067X,067X,011X057X067X,011X,011X067X,
1002E,1996,5,SEÑORIO DE BERTIZ,146,NAVARRA,98,40,0,0,0,0,0,16,197,101,11,0,0,0,0,0,49,127,9,0,0,0,0,0,0,0,0,0,0,3,116,011X,011X041X,,067X,067X,067X,067X,011X067X,011X,011X057X,011X,067X,067X,067X,067X,067X,011X067X,011X,011X067X,,067X,067X,067X,067X,067X,067X,067X,067X,067X,011X067X,011X
1002E,1996,6,SEÑORIO DE BERTIZ,146,NAVARRA,8,39,0,0,0,0,82,4,0,0,0,0,0,0,0,0,0,0,118,141,165,0,19,149,0,0,0,0,0,0,,011X,011X067X,,067X,067X,067X,011X,011X,,067X,067X,067X,067X,067X,067X,067X,067X,067X,011X067X,011X,011X,,011X067X,011X067X,,067X,067X,067X,067X,067X,
1002E,1996,7,SEÑORIO DE BERTIZ,146,NAVARRA,35,0,0,0,134,45,240,57,0,6,0,0,0,0,0,0,0,0,0,0,0,0,0,0,126,457,784,0,13,0,0,011X067X,,067X,067X,011X067X,011X,011X,011X,,011X057X067X,,067X,067X,057X067X,067X,067X,067X,067X,067X,067X,067X,,,,011X,011X,011X,,011X,,067X
1002E,1996,8,SEÑORIO DE BERTIZ,146,NAVARRA,4,0,0,0,0,30,2,0,0,0,34,3,0,0,0,0,0,0,69,75,20,2,29,0,63,68,20,36,91,5,0,011X067X,057X,057X067X,067X,067X,011X057X067X,011X,067X,067X,067X,011X067X,011X,067X,067X,067X,057X067X,057X067X,067X,011X057X067X,011X,011X,011X057X,011X,067X,011X067X,011X,011X,011X,011X,011X,067X
1002E,1996,9,SEÑORIO DE BERTIZ,146,NAVARRA,0,0,0,0,0,0,0,0,0,0,0,3,5,0,0,6,79,185,76,111,233,126,14,0,131,13,0,0,0,258,,057X067X,057X067X,067X,057X067X,067X,057X067X,057X067X,057X067X,067X,067X,057X067X,011X057X067X,011X,057X067X,057X067X,011X067X,011X,011X,011X,011X,011X,011X,011X,,011X067X,011X057X,057X,057X067X,057X067X,011X057X067X,
1002E,1996,10,SEÑORIO DE BERTIZ,146,NAVARRA,234,184,0,78,113,61,0,5,0,4,0,0,14,251,177,5,7,0,0,0,0,0,0,0,0,0,0,10,76,0,0,011X,011X,,011X057X067X,011X,011X,067X,011X067X,057X,011X067X,057X,067X,011X067X,011X,011X,011X,011X057X067X,057X,057X067X,057X067X,057X067X,057X067X,067X,067X,057X067X,057X067X,057X067X,011X067X,011X057X,057X,067X
1002E,1996,11,SEÑORIO DE BERTIZ,146,NAVARRA,0,0,0,88,68,0,4,0,0,129,0,6,0,0,0,77,806,136,302,315,75,78,54,2,470,129,239,69,156,388,,067X,057X067X,057X067X,011X067X,011X,057X,011X057X067X,057X,057X067X,011X067X,,011X067X,057X,067X,067X,011X077X,011X,011X,011X,011X,011X,011X,011X,011X057X,011X,011X,011X,011X,011X,011X,
1002E,1996,12,SEÑORIO DE BERTIZ,146,NAVARRA,100,15,0,438,435,135,4,4,0,0,2,10,159,148,0,0,0,34,2,0,3,0,0,109,239,0,0,0,0,0,3,011X,011X,057X,011X067X,011X,011X,011X,011X057X,,057X067X,011X067X,011X,011X,011X,067X,067X,,011X,011X,067X,011X,,067X,011X067X,011X,067X,077X,077X,077X,067X,011X
1002E,1997,1,SEÑORIO DE BERTIZ,146,NAVARRA,-3,2,681,173,5,0,27,38,227,23,92,0,0,0,5,6,96,0,105,72,500,50,23,95,2,0,0,4,6,0,5,011X,011X077X,011X,011X,011X057X,057X,011X077X,011X,011X,011X,011X057X,057X,067X,067X,011X067X,011X,011X,057X067X,011X067X,011X057X067X,011X,011X,011X,011X,011X067X,057X067X,057X067X,011X057X067X,011X057X,067X,011X
1002E,1997,2,SEÑORIO DE BERTIZ,146,NAVARRA,0,56,26,0,16,0,0,0,0,9,3,0,13,221,48,10,0,0,0,0,0,0,0,0,0,11,0,0,,,,057X,011X057X067X,011X,057X067X,011X067X,057X067X,067X,077X,077X,011X077X,011X057X,057X,011X067X,011X,011X,011X057X067X,057X,067X,057X067X,067X,057X067X,057X067X,057X067X,067X,067X,011X,057X067X,067X,,,
1002E,1997,3,SEÑORIO DE BERTIZ,146,NAVARRA,0,0,0,0,0,0,0,0,0,0,0,0,0,56,34,0,0,0,0,0,0,0,0,250,19,0,0,0,0,0,0,067X,067X,057X067X,067X,057X067X,067X,057X067X,057X067X,067X,067X,077X,067X,057X067X,011X057X,011X057X,067X,057X067X,057X067X,057X067X,067X,057X067X,057X077X,057X077X,011X067X,011X,067X,057X067X,057X067X,067X,077X,077X
1002E,1997,4,SEÑORIO DE BERTIZ,146,NAVARRA,0,0,0,0,0,0,0,0,0,0,0,0,0,0,0,0,0,89,152,0,0,0,0,0,0,107,284,98,0,0,,067X,067X,067X,,067X,057X067X,067X,,,067X,067X,067X,057X067X,067X,067X,067X,067X,011X,011X,,067X,057X067X,077X,067X,067X,011X067X,011X,011X,,067X,
1002E,1997,5,SEÑORIO DE BERTIZ,146,NAVARRA,0,0,0,38,43,215,314,2,0,10,70,0,239,3,0,0,6,160,6,41,0,0,0,0,0,0,5,0,3,3,244,067X,,,011X067X,011X,011X,011X021X,011X057X,057X,011X067X,011X,,011X067X,011X057X,067X,067X,011X067X,011X067X,011X,011X067X,057X,067X,067X,067X,067X,067X,011X067X,067X,011X067X,011X067X,011X
1002E,1997,6,SEÑORIO DE BERTIZ,146,NAVARRA,299,40,2,328,0,0,0,0,0,0,0,0,0,0,23,0,0,2,0,7,16,25,26,0,13,108,36,508,46,8,,011X,011X067X,011X067X,011X,,067X,067X,067X,067X,,067X,067X,067X,067X,011X,067X,067X,011X067X,,011X,011X057X,011X,011X,057X,011X067X,011X,011X,011X,011X,011X,
1002E,1997,7,SEÑORIO DE BERTIZ,146,NAVARRA,420,81,33,85,8,0,0,0,21,0,0,8,102,0,0,485,76,17,0,0,30,6,7,2,0,0,0,0,0,0,0,011X,011X,011X,011X,011X057X,067X,067X,067X,011X067X,057X,057X067X,011X057X067X,011X041X057X,,067X,011X057X067X,011X,011X057X,067X,067X,011X057X067X,011X057X,011X,011X057X,067X,067X,067X,067X,067X,,
1002E,1997,8,SEÑORIO DE BERTIZ,146,NAVARRA,0,0,0,97,43,113,0,8,0,78,2,0,0,39,12,0,0,0,0,36,0,0,0,0,224,3,196,12,0,0,9,057X,,057X067X,011X067X,011X057X,011X057X,,011X057X067X,057X067X,011X057X067X,011X,057X067X,057X067X,011X057X067X,011X057X,057X,067X,067X,057X067X,011X057X067X,057X,057X067X,057X067X,057X,011X,011X057X,011X,011X,057X,067X,011X
1002E,1997,9,SEÑORIO DE BERTIZ,146,NAVARRA,471,0,0,2,1,0,0,0,0,0,0,56,23,0,0,0,0,0,0,0,0,0,0,153,0,0,0,0,0,0,,011X057X,,057X067X,011X057X067X,011X057X,057X,057X067X,057X067X,057X067X,057X067X,057X067X,011X057X067X,011X,067X,057X067X,057X067X,067X,057X067X,057X067X,057X,057X,057X067X,057X067X,011X057X067X,,057X067X,067X,057X067X,057X067X,057X067X,
1002E,1997,10,SEÑORIO DE BERTIZ,146,NAVARRA,0,0,0,0,0,61,0,0,0,112,202,270,226,1,6,0,0,0,0,0,0,110,89,0,0,0,-3,5,0,0,0,057X067X,057X067X,057X067X,057X067X,067X,011X,057X,057X067X,067X,011X067X,011X,011X,011X,011X,011X057X067X,057X067X,057X067X,067X,,067X,067X,011X,011X,067X,067X,067X,011X067X,011X,057X067X,057X067X,057X
1002E,1997,11,SEÑORIO DE BERTIZ,146,NAVARRA,0,0,0,49,1000,120,50,186,0,0,41,70,12,0,0,0,0,110,0,115,114,154,-3,-3,-3,184,17,70,350,128,,057X067X,067X,067X,011X,011X,011X,011X067X,011X067X,067X,067X,011X067X,011X057X067X,011X057X067X,057X067X,057X067X,067X,057X067X,011X057X067X,067X,011X,011X,011X057X,011X,011X067X,011X067X,011X057X,011X,011X,011X,011X,
1002E,1997,12,SEÑORIO DE BERTIZ,146,NAVARRA,350,122,0,0,0,0,0,33,0,0,120,29,0,0,-3,118,67,66,30,30,0,180,0,0,145,354,152,0,0,26,189,011X,011X057X,,,057X,077X,067X,011X,057X067X,067X,011X,011X057X,057X077X,077X,021X,011X,011X,011X,011X,011X,067X,011X,057X,,011X,011X,011X,057X,067X,011X,011X
1002E,1998,1,SEÑORIO DE BERTIZ,146,NAVARRA,0,158,60,74,0,0,0,0,0,0,0,40,40,67,61,142,2,14,347,0,0,0,0,0,5,1,6,0,0,0,0,,011X,011X,011X,057X,077X,067X,077X,077X,,,011X,011X,011X,011X,011X057X,011X,011X,011X,,077X,057X077X,077X,077X,021X,011X077X,011X,077X,,,
1002E,1998,2,SEÑORIO DE BERTIZ,146,NAVARRA,0,78,0,0,0,0,0,0,0,0,0,0,0,0,0,0,0,0,0,0,83,350,7,0,0,0,0,5,,,,,011X067X,,057X067X,067X,057X067X,077X,057X067X,067X,067X,067X,067X,077X,067X,067X,067X,067X,067X,067X,,011X,011X,011X,,,057X,057X067X,011X057X067X,,,
1002E,1998,3,SEÑORIO DE BERTIZ,146,NAVARRA,1,0,0,20,0,0,0,240,150,81,635,30,0,0,0,0,0,0,0,0,0,52,41,0,0,0,0,0,25,0,0,011X057X,067X,067X,011X,057X,067X,057X067X,011X,011X,011X057X,011X031X057X,011X,067X,057X067X,067X,057X067X,057X067X,057X067X,057X067X,057X067X,057X067X,011X057X067X,011X,057X067X,057X067X,057X067X,067X,,011X,,067X
1002E,1998,4,SEÑORIO DE BERTIZ,146,NAVARRA,21,0,184,1,30,122,29,34,78,62,179,362,105,7,46,121,164,18,8,52,0,10,0,0,50,179,63,10,66,111,,011X067X,,011X,011X,011X,011X067X,011X,011X067X,011X,011X,011X067X,011X,011X021X,011X067X,011X067X,011X031X067X,011X,011X,011X,011X,057X,011X067X,067X,067X,011X067X,011X,011X,011X067X,011X,011X,
1002E,1998,5,SEÑORIO DE BERTIZ,146,NAVARRA,99,82,83,6,9,0,0,0,0,0,0,0,61,0,3,0,0,0,4,11,0,0,0,102,4,41,29,2,76,15,0,011X,011X,011X057X,011X,011X,067X,067X,067X,,,067X,067X,011X067X,,011X067X,057X,057X067X,057X067X,011X057X067X,011X067X,067X,057X067X,057X067X,011X067X,011X,011X,011X,011X,011X067X,011X,067X
1002E,1998,6,SEÑORIO DE BERTIZ,146,NAVARRA,29,35,5,78,149,14,0,0,3,98,211,18,16,5,29,0,0,0,0,0,0,0,0,0,15,0,0,0,18,163,,011X,011X,011X067X,011X057X,011X057X,011X057X,057X,067X,011X067X,011X,011X,011X,011X,011X,011X,,057X067X,057X067X,067X,067X,057X,057X067X,057X067X,057X067X,011X057X,057X,067X,057X067X,011X,011X057X,
1002E,1998,7,SEÑORIO DE BERTIZ,146,NAVARRA,111,0,5,0,0,40,105,0,0,0,0,3,57,0,0,0,-3,0,0,10,0,0,0,0,0,0,0,11,0,16,272,011X,,011X067X,057X,067X,011X057X067X,011X,,057X067X,067X,057X067X,011X067X,011X,,067X,067X,011X057X,057X,,011X067X,,067X,067X,057X,,057X,057X,011X,,011X,011X
1002E,1998,8,SEÑORIO DE BERTIZ,146,NAVARRA,17,80,8,0,0,0,0,0,0,0,0,0,7,0,74,0,0,0,0,0,0,25,6,0,0,0,0,0,0,0,16,011X,011X,011X,057X067X,057X067X,057X067X,057X067X,067X,067X,057X067X,057X,067X,011X057X,057X,011X057X067X,057X067X,,057X067X,057X067X,057X,057X067X,011X057X067X,011X057X,,057X,057X,057X,057X067X,057X067X,067X,011X
1002E,1998,9,SEÑORIO DE BERTIZ,146,NAVARRA,0,0,0,210,0,199,107,0,0,0,148,256,326,102,0,11,0,0,0,0,0,40,215,68,17,13,0,0,274,167,,057X,057X,057X067X,011X057X,057X,011X067X,011X057X,057X067X,067X,057X067X,011X057X067X,011X,011X,011X,057X,011X057X067X,,057X067X,057X067X,057X067X,067X,011X067X,011X057X,011X057X,011X,011X067X,,057X067X,011X067X,011X057X,
1002E,1998,10,SEÑORIO DE BERTIZ,146,NAVARRA,100,237,14,64,300,190,426,454,145,159,57,48,0,0,0,0,59,191,49,2,0,0,4,34,156,31,0,0,11,0,0,011X,011X,011X057X,011X,011X,011X,011X,011X,011X,011X,011X,011X,057X,057X,057X,067X,011X067X,011X,011X,011X,067X,067X,011X067X,011X057X,011X,011X,057X,067X,011X057X067X,057X067X,057X
1002E,1998,11,SEÑORIO DE BERTIZ,146,NAVARRA,20,161,96,64,10,0,0,0,13,20,40,140,75,94,207,25,0,0,0,0,0,0,0,79,280,200,243,224,149,27,,011X057X,011X057X067X,011X057X,011X057X,011X057X,057X067X,057X067X,067X,011X067X,011X057X,011X057X067X,011X,011X,011X,011X,011X067X,067X,057X,057X,057X,077X,077X,057X077X,011X057X077X,011X057X,011X,011X057X,011X057X,011X057X,011X,
1002E,1998,12,SEÑORIO DE BERTIZ,146,NAVARRA,0,0,15,98,45,61,0,0,25,68,221,0,0,0,0,0,0,3,11,510,0,0,56,24,0,0,0,0,19,8,0,,057X067X,011X067X,011X,011X057X,011X,057X067X,077X,011X077X,011X057X,011X057X,057X,057X067X,067X,057X067X,067X,077X,011X077X,011X,011X,077X,077X,011X077X,011X,057X,077X,,067X,011X,011X,
1002E,1999,1,SEÑORIO DE BERTIZ,146,NAVARRA,0,5,0,0,0,0,1,115,291,14,96,13,56,32,0,24,303,0,0,0,0,0,0,0,0,55,175,191,181,0,0,,011X067X,067X,067X,067X,,011X067X,011X057X,011X,011X021X081X,011X081X,011X057X,011X,011X,057X067X,011X067X,011X,,077X,067X,067X,067X,057X067X,077X,077X,011X067X,011X,011X,011X,067X,077X
1002E,1999,2,SEÑORIO DE BERTIZ,146,NAVARRA,0,18,0,0,42,27,287,39,173,102,65,0,0,0,11,233,141,75,0,34,194,286,152,80,0,0,180,0,,,,077X,011X057X067X,057X,057X067X,011X057X067X,011X,011X,011X,011X021X,021X081X,011X021X081X,077X,077X,077X,011X067X,011X057X,011X,011X057X,057X,011X057X067X,011X,011X,011X057X,011X057X,057X,057X067X,011X067X,057X,,,
1002E,1999,3,SEÑORIO DE BERTIZ,146,NAVARRA,0,0,165,131,302,235,5,0,0,0,77,0,130,29,0,0,0,19,4,0,21,37,0,35,83,220,95,3,0,0,0,067X,067X,011X,011X,011X021X,011X021X081X,011X,,067X,067X,011X067X,,011X057X067X,011X057X,057X,057X,057X067X,011X057X067X,011X,057X067X,011X057X067X,011X,067X077X,011X067X,011X,011X,011X,011X,057X067X,067X,067X
1002E,1999,4,SEÑORIO DE BERTIZ,146,NAVARRA,3,0,0,0,0,5,82,6,0,31,33,227,91,146,55,57,210,4,3,131,49,48,205,1,31,0,80,184,0,19,,011X067X,067X,067X,067X,057X067X,011X067X,011X,011X,067X,011X057X067X,011X,011X,011X,011X,011X,011X057X067X,011X031X,011X,011X067X,011X067X,011X,011X,011X,011X,011X067X,057X,011X041X067X,011X057X,,011X067X,
1002E,1999,5,SEÑORIO DE BERTIZ,146,NAVARRA,35,45,263,24,0,20,151,0,0,0,0,0,3,164,7,390,15,48,73,135,70,0,0,0,0,0,27,0,0,0,58,011X,011X,011X,011X,067X,011X067X,011X,057X,067X,067X,067X,067X,011X067X,011X057X,011X,011X041X067X,011X,011X067X,011X057X,011X,011X,,067X,067X,067X,057X067X,011X,057X,067X,067X,011X
1002E,1999,6,SEÑORIO DE BERTIZ,146,NAVARRA,199,0,3,0,40,60,200,0,0,0,0,1,0,0,0,51,28,9,0,0,16,0,0,26,17,0,0,0,0,0,,011X041X,,011X067X,067X,011X057X067X,011X,011X,,067X,,057X,011X067X,057X,067X,067X,011X057X067X,011X057X,011X,,067X,011X057X,067X,067X,011X067X,011X,067X,067X,067X,067X,057X,
1002E,1999,7,SEÑORIO DE BERTIZ,146,NAVARRA,1,0,0,54,30,11,0,0,0,0,41,91,36,0,0,0,3,26,0,0,0,0,0,0,0,65,14,40,2,0,0,011X057X,067X,067X,011X057X067X,011X,011X057X,057X,057X067X,057X067X,057X067X,011X041X067X,011X041X,011X057X,057X067X,057X067X,067X,011X067X,011X057X,057X067X,057X,057X,,067X,067X,067X,011X041X067X,011X,011X057X,011X057X,057X,057X
1002E,1999,8,SEÑORIO DE BERTIZ,146,NAVARRA,0,26,3,84,19,51,4,0,7,0,0,0,0,0,0,0,0,0,0,0,0,0,0,0,72,0,0,0,0,0,0,057X,011X057X,011X067X,011X,011X057X,011X041X057X,011X067X,067X,011X067X,057X,057X,057X067X,057X067X,057X,,,057X,067X,057X,057X,057X067X,057X067X,057X,057X067X,011X041X,057X,057X067X,057X067X,057X067X,057X067X,057X
1002E,1999,9,SEÑORIO DE BERTIZ,146,NAVARRA,0,0,0,0,30,11,0,0,0,0,0,15,436,6,0,39,0,17,81,0,0,0,0,205,80,0,0,0,74,80,,057X,057X067X,057X,057X,011X067X,011X057X,057X,057X,057X,057X,067X,011X057X,011X,011X057X,067X,011X057X067X,057X,011X067X,011X,067X,067X,,067X,011X041X067X,011X041X057X,057X,067X,057X067X,011X067X,011X,
1002E,1999,10,SEÑORIO DE BERTIZ,146,NAVARRA,0,18,56,123,0,0,0,0,0,0,0,25,8,0,0,3,110,5,14,0,19,19,0,0,0,7,0,0,0,2,0,057X,011X057X067X,011X,011X057X,057X067X,057X067X,067X,067X,057X067X,057X067X,057X067X,011X057X067X,011X057X,057X,057X067X,011X057X,011X041X057X,011X057X,011X067X,067X,011X067X,011X,067X,067X,067X,011X067X,,067X,067X,011X067X,
1002E,1999,11,SEÑORIO DE BERTIZ,146,NAVARRA,0,244,0,0,79,147,0,0,0,17,0,144,109,522,10,108,258,348,140,21,17,6,17,0,0,0,0,0,0,0,,,011X,057X,057X067X,011X067X,011X,,057X067X,067X,011X067X,067X,011X057X067X,011X,011X,011X,011X057X067X,011X,011X057X,011X021X,021X057X,021X081X,011X,011X057X,057X,057X067X,077X,057X077X,057X,,067X,
1002E,1999,12,SEÑORIO DE BERTIZ,146,NAVARRA,0,0,0,115,8,0,0,0,135,256,5,94,25,320,65,0,34,10,134,0,0,0,0,0,20,74,231,401,0,2,25,057X067X,057X067X,077X,011X057X077X,011X,057X077X,077X,057X067X,011X067X,011X,011X,011X,011X057X,011X,011X,077X,011X077X,011X,011X057X,,077X,077X,067X,067X,011X,011X,011X,011X,057X,011X077X,011X
1002E,2000,1,SEÑORIO DE BERTIZ,146,NAVARRA,11,1,0,0,0,0,0,20,41,0,0,0,0,0,0,0,0,1,0,0,0,57,0,0,0,0,0,0,2,0,0,011X057X,011X057X,067X,067X,057X067X,067X,067X,011X057X067X,011X,077X,077X,077X,077X,067X,067X,077X,057X067X,011X077X,057X067X,067X,057X067X,011X067X,,077X,077X,077X,067X,077X,011X057X067X,057X,057X
1002E,2000,2,SEÑORIO DE BERTIZ,146,NAVARRA,1,185,0,0,0,23,3,65,15,12,0,0,225,125,38,380,321,16,85,0,0,0,57,0,0,0,0,0,10,,,011X067X,011X,057X,057X067X,067X,011X077X,011X057X,011X057X,011X057X,011X077X,,057X067X,011X077X,011X057X,011X,011X,011X,011X,011X,057X,057X067X,057X067X,011X067X,057X,057X067X,057X067X,067X,067X,011X067X,,
1002E,2000,3,SEÑORIO DE BERTIZ,146,NAVARRA,199,0,0,9,0,0,0,0,0,0,0,0,0,0,0,0,0,0,0,0,0,5,155,0,26,190,309,100,0,130,20,011X,057X,077X,011X057X067X,057X067X,077X,067X,057X067X,077X,077X,057X067X,057X067X,057X067X,057X067X,067X,067X,057X077X,067X,,077X,,011X067X,011X031X,057X,011X057X067X,011X,011X,011X,057X,011X057X067X,011X
1002E,2000,4,SEÑORIO DE BERTIZ,146,NAVARRA,0,23,49,170,128,0,0,5,246,149,175,49,1,96,0,38,2,78,6,0,0,140,85,0,10,155,254,3,0,0,,067X,011X,011X,011X,011X,057X,057X067X,011X067X,011X,011X,011X,011X,011X,011X067X,067X,011X067X,011X067X,011X067X,011X,067X,067X,011X067X,011X,067X,011X067X,011X,011X,011X,067X,067X,
1002E,2000,5,SEÑORIO DE BERTIZ,146,NAVARRA,0,0,0,0,0,4,125,3,149,9,25,33,0,0,31,46,2,8,0,0,15,0,0,0,7,76,26,61,2,0,0,067X,067X,057X067X,067X,067X,011X067X,011X057X,011X067X,011X067X,011X,011X,011X057X,067X,067X,011X067X,011X,011X057X,011X,,067X,011X057X,067X,057X067X,057X067X,011X057X067X,011X067X,011X067X,011X,011X,067X,067X
1002E,2000,6,SEÑORIO DE BERTIZ,146,NAVARRA,7,0,0,36,77,1,0,0,560,136,68,0,0,0,0,0,0,0,0,0,2,9,2,2,0,51,0,0,0,0,,011X067X,067X,067X,011X067X,011X057X,011X,067X,067X,011X067X,011X,011X,,067X,067X,067X,067X,067X,067X,,,011X067X,011X067X,011X,011X067X,,011X067X,,067X,067X,067X,
1002E,2000,7,SEÑORIO DE BERTIZ,146,NAVARRA,0,0,144,0,0,0,60,2,42,304,285,2,7,137,112,0,0,0,0,0,0,0,5,51,57,0,6,0,0,0,0,067X,067X,011X067X,067X,067X,067X,011X067X,011X,011X067X,011X,011X,011X,011X067X,011X,011X,,067X,067X,067X,067X,067X,067X,011X067X,011X067X,011X,067X,011X067X,,067X,067X,067X
1002E,2000,8,SEÑORIO DE BERTIZ,146,NAVARRA,5,0,219,121,2,2,0,0,0,0,234,3,0,0,0,2,4,17,0,102,27,0,0,0,39,24,0,0,0,0,0,011X067X,,011X067X,011X,011X,011X067X,,067X,067X,067X,011X067X,011X,067X,067X,067X,011X067X,011X,011X,,011X067X,011X,067X,067X,067X,011X067X,011X,,067X,067X,067X,067X
1002E,2000,9,SEÑORIO DE BERTIZ,146,NAVARRA,0,25,19,0,0,1,0,0,0,0,0,0,0,0,0,0,0,0,207,64,0,0,0,0,0,90,0,18,25,404,,067X,011X067X,011X,,067X,011X067X,,067X,067X,067X,067X,067X,,,067X,067X,067X,067X,011X,011X,067X,067X,067X,067X,067X,011X067X,,011X067X,011X,011X067X,
1002E,2000,10,SEÑORIO DE BERTIZ,146,NAVARRA,316,41,0,0,33,1,0,25,151,157,45,24,338,212,488,11,0,0,0,230,588,28,25,0,5,4,0,21,0,184,26,011X,011X,067X,067X,011X067X,011X,067X,011X067X,011X,011X,011X,011X067X,011X,011X,011X,011X,067X,067X,067X,011X067X,011X,011X,011X,,011X067X,011X,,011X067X,,011X067X,011X
1002E,2000,11,SEÑORIO DE BERTIZ,146,NAVARRA,35,28,13,0,325,33,0,0,0,0,0,57,23,0,0,158,177,77,109,83,15,200,103,62,169,134,0,0,85,0,,011X067X,011X,011X,,011X067X,011X,,067X,067X,067X,067X,011X,011X,,067X,011X067X,011X,011X,011X,011X,011X,011X,011X,011X,011X,011X,,067X,011X,,
1002E,2000,12,SEÑORIO DE BERTIZ,146,NAVARRA,14,53,1,0,10,31,102,0,0,0,0,0,0,118,52,3,2,0,0,0,0,2,0,22,0,0,118,238,162,97,6,011X,011X,011X,,011X,011X,011X,,067X,,067X,,067X,011X067X,011X,011X,011X067X,,,067X,,011X,,011X067X,067X,067X,011X067X,011X,011X,011X,011X
1002E,2001,1,SEÑORIO DE BERTIZ,146,NAVARRA,14,0,124,0,148,52,140,32,0,0,3,1,67,0,0,12,4,140,163,32,0,0,215,5,0,195,128,261,61,155,137,011X,,011X067X,,011X,011X,011X,011X,,,011X,011X,011X,,067X,011X067X,011X,011X,011X,011X,067X,,011X067X,011X,067X,011X067X,011X,011X,011X,011X,011X
1002E,2001,2,SEÑORIO DE BERTIZ,146,NAVARRA,20,0,0,0,0,0,33,104,10,49,0,20,22,0,0,0,0,0,0,0,0,0,43,13,28,0,165,194,,,,011X,,067X,067X,067X,,011X,011X067X,011X,011X,,011X067X,011X,,067X,067X,067X,067X,077X,067X,067X,067X,011X067X,011X,011X021X,077X,021X067X,021X,,,
1002E,2001,3,SEÑORIO DE BERTIZ,146,NAVARRA,65,4,47,58,0,0,117,10,101,76,140,172,0,0,0,95,0,0,7,0,9,0,0,0,8,20,12,137,250,76,3,011X077X,011X,011X067X,011X,,067X,011X,011X,011X,011X,011X,011X,,067X,067X,011X067X,,067X,011X067X,,011X067X,067X,067X,,011X067X,011X067X,011X067X,011X067X,011X,011X,011X
1002E,2001,4,SEÑORIO DE BERTIZ,146,NAVARRA,0,13,0,8,4,139,324,60,22,58,48,0,0,0,3,0,0,13,90,121,225,166,0,15,0,0,0,6,175,90,,067X,011X067X,,011X067X,011X067X,011X,011X,011X,011X067X,011X,011X,,067X,067X,011X067X,,067X,011X067X,011X,011X,011X,011X,,011X067X,067X,067X,067X,011X067X,011X,011X,
1002E,2001,5,SEÑORIO DE BERTIZ,146,NAVARRA,120,0,4,412,342,112,2,0,0,0,0,0,57,0,0,65,21,0,0,0,0,0,0,0,0,0,0,0,0,0,0,011X067X,,011X067X,011X,011X,011X,011X,067X,067X,067X,067X,067X,011X067X,067X,067X,011X067X,011X,067X,067X,067X,067X,067X,067X,067X,067X,067X,067X,067X,067X,067X,067X
1002E,2001,6,SEÑORIO DE BERTIZ,146,NAVARRA,0,0,0,0,8,2,0,3,313,69,0,0,0,0,18,17,13,0,0,0,0,0,0,0,0,11,0,0,0,0,,067X,067X,067X,067X,011X,011X,067X,011X067X,011X,011X,,067X,067X,067X,011X067X,011X,011X,,067X,067X,067X,067X,,067X,067X,011X067X,,067X,067X,067X,
1002E,2001,7,SEÑORIO DE BERTIZ,146,NAVARRA,0,0,25,260,34,84,2,148,1,0,0,0,0,110,6,0,0,0,207,0,0,0,0,0,0,7,38,0,0,0,0,,067X,011X067X,011X,011X,011X,011X,011X,011X,067X,067X,067X,067X,011X067X,011X,067X,067X,067X,011X067X,067X,067X,067X,067X,067X,067X,011X067X,011X057X,,067X,067X,067X
1002E,2001,8,SEÑORIO DE BERTIZ,146,NAVARRA,0,0,2,2,3,0,5,0,7,0,0,0,0,0,305,38,5,0,0,0,0,1,0,0,0,33,0,60,305,57,22,067X,067X,011X067X,011X,011X067X,,011X,067X,011X067X,067X,067X,067X,067X,067X,011X,011X,011X,,067X,067X,067X,011X067X,,,067X,011X,,011X067X,011X,011X,011X
1002E,2001,9,SEÑORIO DE BERTIZ,146,NAVARRA,3,0,0,5,0,0,0,22,8,0,0,0,33,43,0,3,4,0,0,0,48,52,83,8,0,0,0,13,0,0,,011X,067X,067X,011X067X,,067X,067X,011X067X,011X,067X,067X,067X,011X067X,011X,,011X067X,011X,067X,067X,067X,011X067X,011X,011X,011X,067X,067X,067X,011X067X,,067X,
1002E,2001,10,SEÑORIO DE BERTIZ,146,NAVARRA,0,0,108,0,0,117,46,0,0,0,0,0,0,0,0,0,71,40,162,41,0,2,0,0,0,0,0,0,0,0,25,067X,067X,011X067X,,067X,011X067X,011X067X,,067X,067X,067X,067X,067X,067X,067X,067X,011X067X,011X,011X,011X,067X,011X067X,,067X,067X,067X,067X,,067X,067X,011X
1002E,2001,11,SEÑORIO DE BERTIZ,146,NAVARRA,0,0,0,5,20,8,29,403,13,0,0,133,275,0,10,15,19,70,50,0,0,7,25,0,0,51,2,63,0,0,,067X,067X,067X,011X067X,011X057X,011X057X067X,011X,011X021X081X,021X081X,067X,077X,011X067X,011X,067X,011X,011X057X,011X057X,011X057X,011X057X,057X,057X,011X057X067X,011X057X,057X067X,057X067X,011X057X067X,011X057X,011X057X,057X,057X067X,
1002E,2001,12,SEÑORIO DE BERTIZ,146,NAVARRA,0,0,0,0,0,0,0,0,0,0,0,0,0,0,0,0,0,0,0,0,0,3,0,0,64,192,15,0,78,81,8,057X067X,067X,057X067X,057X067X,067X,057X067X,057X067X,057X067X,067X,067X,077X,077X,057X067X,057X067X,077X,077X,057X067X,077X,077X,077X,077X,011X077X,057X,057X077X,011X077X,011X,011X057X,057X067X,011X077X,011X057X,011X
1002E,2002,1,SEÑORIO DE BERTIZ,146,NAVARRA,3,0,3,0,0,0,0,0,0,0,0,0,150,0,258,-3,0,34,12,0,0,0,18,12,0,0,0,0,0,0,0,011X067X,,011X067X,057X,067X,077X,077X,067X,067X,077X,057X077X,077X,011X067X,057X,011X067X,011X057X,077X,011X057X067X,011X,057X067X,067X,067X,011X,011X,067X,067X,,067X,067X,,067X
1002E,2002,2,SEÑORIO DE BERTIZ,146,NAVARRA,0,0,4,0,326,372,0,0,4,0,0,0,181,498,54,22,53,52,10,261,48,40,195,10,0,0,45,15,,,,077X,,011X,077X,011X,011X,057X,067X,011X057X067X,057X,057X077X,057X067X,011X077X,011X,011X,011X057X,011X,011X,011X057X,011X057X,011X,011X057X,011X057X,011X057X,057X067X,067X,011X067X,011X057X,,,
1002E,2002,3,SEÑORIO DE BERTIZ,146,NAVARRA,70,15,0,0,130,56,101,0,0,0,0,0,20,14,1,82,0,0,0,0,0,0,0,0,0,0,0,0,0,0,0,011X,011X057X,057X,067X,011X067X,011X057X,011X,,067X,057X067X,067X,067X,011X067X,011X067X,011X067X,011X,,067X,067X,067X,067X,057X067X,057X067X,057X067X,067X,077X,077X,067X,,,067X
1002E,2002,4,SEÑORIO DE BERTIZ,146,NAVARRA,0,91,365,52,5,35,2,29,15,115,145,14,30,6,0,0,0,0,0,0,0,0,0,0,0,20,0,6,4,6,,067X,011X067X,011X,011X,011X057X,011X,011X,011X,011X,011X,011X021X,011X,011X057X,011X057X,,057X,057X067X,057X067X,067X,057X067X,067X,067X,057X067X,057X067X,067X,011X057X,,011X067X,011X,011X057X067X,
1002E,2002,5,SEÑORIO DE BERTIZ,146,NAVARRA,32,118,60,29,17,2,112,205,285,103,62,0,0,0,0,0,107,3,0,58,71,59,20,12,0,32,0,10,0,0,0,011X,011X,011X,011X,011X057X,011X057X,011X057X067X,011X057X,011X057X,011X057X,011X057X,057X,067X,057X067X,067X,067X,011X,011X,067X,011X067X,011X057X,011X,011X,011X067X,067X,011X067X,,011X067X,,067X,067X
1002E,2002,6,SEÑORIO DE BERTIZ,146,NAVARRA,0,57,43,298,115,2,225,104,5,0,0,0,0,0,0,0,0,2,46,0,1,2,32,8,0,8,5,0,21,0,,,011X067X,011X057X,011X057X,011X057X,011X,011X067X,011X,011X,057X,067X,067X,057X067X,067X,057X067X,057X067X,,011X057X,011X,057X,011X067X,011X057X,011X057X,011X,057X067X,011X057X067X,011X067X,067X,011X057X,,
1002E,2002,7,SEÑORIO DE BERTIZ,146,NAVARRA,3,0,20,-3,16,0,0,70,97,7,0,8,4,4,-3,0,0,0,2,10,0,167,1,24,20,-3,4,1,0,87,-3,011X067X,,011X067X,011X,011X067X,,067X,011X,011X067X,011X067X,057X,011X067X,011X,011X,011X,057X067X,057X067X,057X067X,011X067X,011X057X067X,057X,011X067X,011X057X,011X057X,011X057X,011X,011X057X067X,011X057X,041X057X,011X057X,011X
1002E,2002,8,SEÑORIO DE BERTIZ,146,NAVARRA,0,0,0,0,13,30,9,15,110,115,28,3,0,0,11,0,0,2,5,0,0,0,21,0,126,3,103,284,5,3,4,067X,067X,067X,057X067X,011X067X,011X057X,011X057X067X,011X057X,011X057X,011X,011X057X,011X057X,057X067X,057X067X,011X057X067X,057X,057X067X,011X067X,011X057X067X,057X,057X,067X,011X067X,057X,011X057X067X,011X057X,011X057X067X,011X057X,011X057X,011X057X067X,011X
1002E,2002,9,SEÑORIO DE BERTIZ,146,NAVARRA,1,10,2,87,12,7,76,130,10,0,0,0,0,0,0,2,44,0,0,0,18,0,0,0,0,0,0,0,0,0,,011X057X,011X057X067X,011X057X,011X057X067X,011X057X,011X057X067X,011X057X067X,011X057X,011X,057X,057X067X,057X067X,057X067X,057X067X,057X067X,011X067X,011X,067X,067X,067X,011X057X067X,057X,067X,067X,057X067X,057X067X,057X067X,057X067X,067X,067X,
1002E,2002,10,SEÑORIO DE BERTIZ,146,NAVARRA,21,0,0,0,0,0,0,166,197,330,140,10,0,0,8,55,27,0,0,0,39,69,18,12,0,0,0,0,0,241,36,011X067X,,067X,057X067X,057X067X,057X067X,057X067X,011X067X,011X,011X,011X,011X,057X067X,057X067X,011X067X,011X,011X,057X067X,067X,,011X,011X,011X,011X067X,067X,057X067X,067X,057X067X,067X,011X057X,011X
1002E,2002,11,SEÑORIO DE BERTIZ,146,NAVARRA,0,30,24,60,3,620,171,107,366,20,0,0,62,47,0,0,3,0,237,49,3,0,0,22,4,0,0,49,350,226,,057X067X,011X067X,011X057X,011X057X,011X057X,011X057X,011X057X,011X057X,011X057X,011X057X,057X,067X,011X067X,011X067X,067X,067X,011X067X,057X,011X,011X057X,011X,067X,067X,011X067X,011X057X,057X,077X,011X067X,011X,011X,
1002E,2002,12,SEÑORIO DE BERTIZ,146,NAVARRA,485,478,691,478,180,40,30,0,0,0,0,0,0,10,0,10,33,2,50,0,0,0,0,0,7,0,355,62,0,180,50,011X057X,011X057X,011X057X,011X057X,011X031X057X,011X057X,011X057X,057X,067X,067X,,077X,077X,011X,077X,011X077X,011X,011X057X,011X057X,,057X067X,057X067X,067X,067X,011X067X,,011X,011X057X,057X,011X067X,011X
1002E,2003,1,SEÑORIO DE BERTIZ,146,NAVARRA,18,0,0,158,56,195,52,55,185,0,0,0,0,0,29,10,10,43,45,12,33,200,102,0,26,135,3,312,640,453,0,011X057X,067X,067X,011X057X,011X057X,011X057X,011X077X,011X,011X057X,057X,057X077X,057X,077X,077X,011X077X,011X057X,011X057X067X,011X057X,011X057X,011X067X,011X067X,011X067X,011X,067X,011X077X,011X057X,011X057X,011X057X,011X021X,011X081X,081X
1002E,2003,2,SEÑORIO DE BERTIZ,146,NAVARRA,200,195,388,390,90,0,0,0,84,0,64,46,15,10,0,0,0,5,-3,22,0,5,-3,0,7,130,0,5,,,,011X021X077X,011X057X,011X057X,011X057X,011X057X,057X067X,077X,077X,011X077X,057X,011X067X,011X057X,011X057X,011X057X,057X067X,077X,057X,011X077X,011X,011X067X,057X067X,011X,011X,,011X,011X,,011X077X,,,
1002E,2003,3,SEÑORIO DE BERTIZ,146,NAVARRA,5,190,250,0,248,20,0,0,0,0,0,0,0,0,0,0,0,0,0,0,0,0,0,0,0,0,37,67,0,120,0,011X,011X067X,011X057X,057X067X,011X067X,011X,067X,067X,077X,077X,067X,067X,057X067X,057X067X,057X067X,067X,067X,077X,077X,077X,057X077X,057X067X,,,067X,067X,011X,011X057X,057X,011X,057X
1002E,2003,4,SEÑORIO DE BERTIZ,146,NAVARRA,20,205,0,0,0,0,0,0,73,3,123,0,0,0,30,0,0,0,81,-3,0,2,0,0,22,-3,0,95,8,0,,011X057X067X,011X,,067X,077X,057X067X,067X,057X067X,011X057X067X,011X057X,011X,057X,067X,,011X067X,057X067X,067X,067X,011X057X067X,011X,067X,011X067X,067X,067X,011X067X,011X,067X,011X,011X057X,,
1002E,2003,5,SEÑORIO DE BERTIZ,146,NAVARRA,0,0,0,88,328,390,90,0,0,0,0,7,0,0,0,16,0,0,4,14,0,0,0,152,195,-3,0,0,0,0,0,067X,067X,057X067X,011X067X,011X057X,011X057X,011X057X,057X,057X067X,067X,057X067X,011X057X067X,,067X,067X,011X067X,067X,067X,011X067X,011X,067X,067X,067X,011X067X,011X,011X,067X,067X,067X,067X,057X067X
1002E,2003,6,SEÑORIO DE BERTIZ,146,NAVARRA,237,165,117,158,0,0,0,-3,0,0,0,0,0,0,3,0,5,-3,0,0,0,0,0,2,-3,0,0,0,0,0,,011X067X,011X057X,011X067X,011X,057X,057X067X,057X067X,011X057X,057X067X,067X,057X067X,067X,067X,067X,011X057X067X,057X067X,011X057X067X,011X057X,067X,067X,067X,067X,,011X067X,011X057X,057X,067X,057X,067X,,
1002E,2003,7,SEÑORIO DE BERTIZ,146,NAVARRA,0,3,0,8,0,0,0,0,0,0,0,0,0,6,98,0,0,0,0,4,0,0,0,0,0,30,10,0,0,0,0,067X,011X,067X,011X057X,067X,,057X,,057X,057X,057X,057X067X,067X,011X057X,011X057X,,067X,067X,,011X,057X,,,,067X,011X067X,011X,,067X,057X067X,067X
1002E,2003,8,SEÑORIO DE BERTIZ,146,NAVARRA,0,0,0,0,0,0,0,0,0,0,0,0,0,0,0,18,127,27,2,0,0,0,0,3,3,0,0,15,0,38,44,057X067X,067X,067X,,,,057X,057X,067X,067X,057X,057X,057X067X,057X,057X,011X057X,011X057X,011X057X,011X067X,,057X,,057X,011X057X,011X057X,057X,057X,011X067X,067X,011X067X,011X
1002E,2003,9,SEÑORIO DE BERTIZ,146,NAVARRA,0,0,136,31,0,97,12,530,110,10,20,2,0,0,0,0,0,0,0,0,28,106,55,0,0,2,193,28,0,40,,057X,067X,011X067X,011X057X,057X,011X057X067X,011X057X,011X057X067X,011X057X,011X067X,011X057X,011X,057X067X,057X067X,067X,067X,067X,067X,067X,,011X067X,011X057X,011X057X,067X,067X,011X057X067X,011X057X,011X057X,057X067X,011X067X,
1002E,2003,10,SEÑORIO DE BERTIZ,146,NAVARRA,8,100,54,220,36,0,84,50,-3,0,13,144,0,25,5,0,5,0,120,38,5,138,152,-3,49,53,11,202,217,37,45,011X,011X067X,011X067X,011X057X,011X,057X067X,011X057X067X,011X057X,011X057X,067X,011X057X067X,011X057X,057X,011X057X067X,011X057X,057X,011X057X067X,057X067X,011X067X,011X057X,011X057X067X,011X057X,011X,011X057X,011X057X067X,011X,011X057X,011X057X,011X057X,011X,011X
1002E,2003,11,SEÑORIO DE BERTIZ,146,NAVARRA,118,0,0,0,2,0,0,25,7,2,7,55,3,-3,25,150,0,0,0,0,0,11,66,0,5,275,225,35,47,44,,011X057X,057X067X,067X,057X067X,011X067X,067X,057X067X,011X067X,011X,011X057X,011X057X,011X057X,011X057X,011X057X,011X067X,011X057X,057X067X,057X067X,077X,057X067X,067X,011X,011X,,011X067X,011X057X,011X,011X057X,011X057X,011X,
1002E,2003,12,SEÑORIO DE BERTIZ,146,NAVARRA,0,0,50,0,0,5,5,0,0,0,138,35,23,122,0,0,0,48,27,0,197,64,194,99,0,0,162,228,332,305,3,,057X067X,011X077X,057X,067X,011X067X,011X,067X,067X,077X,011X057X067X,011X057X,011X057X,011X057X,,057X067X,067X,011X067X,011X057X,057X,011X067X,011X077X,011X057X077X,011X057X,057X,067X,011X067X,011X031X057X,011X057X,011X,011X
1002E,2004,1,SEÑORIO DE BERTIZ,146,NAVARRA,263,295,7,0,0,0,0,7,43,-3,13,0,31,104,0,25,280,64,35,128,50,75,468,45,110,90,57,104,6,0,0,011X077X,011X057X,011X057X,057X,057X077X,057X077X,077X,011X077X,011X057X,011X,011X067X,,011X067X,011X057X,057X,011X067X,011X,011X057X,011X077X,011X057X,011X057X,011X057X,011X057X,011X057X,011X057X,011X,011X057X,011X057X,011X057X,067X,067X
1002E,2004,2,SEÑORIO DE BERTIZ,146,NAVARRA,0,0,0,0,0,4,8,0,0,0,0,0,0,0,10,21,0,8,112,144,124,82,0,25,12,19,362,421,88,,,067X,067X,077X,067X,067X,011X067X,011X057X,057X,077X,057X077X,077X,077X,057X067X,057X077X,011X057X067X,011X057X,057X,011X067X,021X057X081X,021X057X081X,011X057X081X,011X057X,057X,011X077X,011X057X,011X067X,011X021X077X081X,021X081X,021X081X,,
1002E,2004,3,SEÑORIO DE BERTIZ,146,NAVARRA,0,0,0,0,39,42,4,0,0,0,8,160,15,0,0,0,0,0,0,0,173,525,125,33,0,0,10,23,41,28,-3,081X,081X,077X081X,077X081X,011X057X,011X057X,011X057X,057X067X,057X067X,057X067X,011X077X,011X,011X057X,057X067X,057X067X,067X,067X,067X,057X067X,067X,011X067X,011X,011X,011X057X,057X067X,057X067X,011X067X,011X,011X057X067X,011X057X,011X
1002E,2004,4,SEÑORIO DE BERTIZ,146,NAVARRA,15,0,0,0,0,85,20,103,80,0,70,29,50,0,0,43,75,69,18,-3,279,125,-3,0,0,0,119,120,17,53,,011X067X,067X,067X,067X,067X,011X067X,011X,011X067X,011X057X,057X,011X057X067X,011X057X,011X057X,,067X,011X067X,011X,011X,011X,011X,011X041X067X,011X057X,011X,067X,057X067X,057X067X,011X067X,011X057X,011X057X,011X041X,
1002E,2004,5,SEÑORIO DE BERTIZ,146,NAVARRA,98,0,10,155,225,108,156,20,40,8,190,11,0,0,0,0,0,0,0,0,0,232,0,0,0,0,0,0,10,0,5,011X067X,067X,011X067X,011X067X,011X,011X057X,011X,011X,011X067X,011X,011X067X,011X057X,057X067X,067X,067X,057X067X,067X,067X,067X,067X,067X,011X057X,067X,067X,067X,057X067X,057X067X,057X067X,011X067X,067X,011X067X
1002E,2004,6,SEÑORIO DE BERTIZ,146,NAVARRA,12,0,0,0,0,0,158,35,0,0,0,0,0,0,0,0,0,50,76,2,20,0,0,0,0,0,0,0,0,0,,011X057X,057X,067X,057X067X,057X067X,057X067X,011X031X041X,011X,067X,067X,057X067X,067X,067X,067X,057X,067X,067X,011X067X,011X057X,011X,011X067X,067X,067X,067X,067X,,067X,057X067X,067X,067X,
1002E,2004,7,SEÑORIO DE BERTIZ,146,NAVARRA,0,0,0,0,1,695,0,0,9,1,0,14,0,0,0,0,2,0,300,1,81,0,0,0,0,0,0,6,0,0,0,067X,057X,067X,067X,011X057X,011X031X041X057X,,067X,011X067X,011X057X,067X,011X067X,067X,067X,067X,067X,011X,,011X041X067X,011X057X,011X041X057X,067X,067X,067X,057X067X,057X067X,057X067X,011X041X057X067X,057X,057X067X,057X067X
1002E,2004,8,SEÑORIO DE BERTIZ,146,NAVARRA,1,66,46,108,0,0,0,15,41,0,5,0,0,0,0,0,16,0,30,55,-3,0,2,0,10,20,0,0,0,0,0,011X041X067X,011X067X,011X057X,011X057X,057X,057X067X,057X067X,011X067X,011X057X,,011X067X,067X,067X,057X067X,067X,057X067X,011X067X,,011X067X,011X057X067X,011X057X,067X,011X,057X067X,011X057X,011X057X,067X,067X,057X067X,057X,057X067X
1002E,2004,9,SEÑORIO DE BERTIZ,146,NAVARRA,11,15,2,0,0,50,0,0,401,41,0,0,0,119,105,0,0,4,11,0,5,0,7,25,0,12,0,0,0,0,,011X041X057X067X,011X,011X057X,057X,057X067X,011X041X057X067X,,,011X031X041X,011X057X,057X,057X067X,057X067X,011X057X067X,011X057X,057X,057X067X,011X067X,011X057X,057X,011X057X067X,057X,011X057X067X,011X057X,057X067X,011X057X067X,057X,057X067X,057X067X,057X067X,
1002E,2004,10,SEÑORIO DE BERTIZ,146,NAVARRA,0,0,0,0,3,2,0,0,0,0,13,10,49,9,318,160,0,40,0,0,22,0,0,0,222,46,22,7,0,0,55,057X067X,057X067X,057X067X,067X,011X067X,011X057X,057X,067X,,,011X067X,011X057X,011X057X067X,011X057X,011X057X,011X057X,057X,011X067X,,067X,011X057X067X,057X067X,067X,067X,011X067X,011X057X,011X,011X067X,067X,067X,011X057X067X
1002E,2004,11,SEÑORIO DE BERTIZ,146,NAVARRA,48,-3,0,0,0,0,0,283,382,220,24,0,0,0,0,0,0,0,35,-3,0,0,0,0,0,0,0,55,70,0,,011X057X,011X057X,067X,067X,067X,067X,067X,011X067X,011X,011X,011X057X,057X067X,057X067X,077X,077X,067X,067X,057X067X,011X057X067X,011X057X,057X067X,057X067X,057X067X,057X067X,057X067X,077X,057X067X,011X067X,011X,057X067X,
1002E,2004,12,SEÑORIO DE BERTIZ,146,NAVARRA,89,88,6,0,0,0,0,13,0,0,0,0,0,0,0,118,180,106,456,40,43,35,75,31,314,0,55,155,90,81,25,011X067X,011X,011X057X,057X,057X067X,057X067X,057X067X,011X057X067X,057X,057X067X,057X067X,057X067X,067X,057X067X,067X,011X057X067X,011X057X,011X,011X057X,011X,011X057X067X,011X057X067X,011X057X,011X057X,011X021X,057X,011X077X,011X057X,011X057X,011X,011X057X
1002E,2005,1,SEÑORIO DE BERTIZ,146,NAVARRA,20,62,0,0,0,3,0,0,0,0,0,2,0,2,0,0,0,478,428,22,21,38,40,23,0,-3,0,138,0,0,0,011X057X,011X057X,057X,077X,077X,011X067X,057X,067X,077X,077X,077X,011X077X,057X,011X057X077X,067X,067X,057X077X,011X057X067X,011X057X,011X057X,011X057X,011X057X,011X057X,021X067X,081X,021X077X,077X,021X077X,081X,077X,067X
1002E,2005,2,SEÑORIO DE BERTIZ,146,NAVARRA,65,2,0,0,5,0,0,0,0,0,15,90,379,245,26,10,0,16,216,190,32,15,7,0,0,6,0,0,,,,011X067X,011X077X,077X,067X,011X077X,057X,077X,077X,077X,057X067X,011X077X,011X057X,011X057X,011X057X,011X021X057X,021X057X,067X,011X057X,011X057X,011X021X057X081X,021X077X081X,021X081X,011X057X077X,057X,077X,021X077X081X,081X,077X,,,
1002E,2005,3,SEÑORIO DE BERTIZ,146,NAVARRA,0,0,230,110,290,0,0,0,0,0,0,0,0,0,0,0,0,0,0,0,1,0,8,0,122,1,5,0,11,15,0,077X,077X,011X021X057X,011X021X081X,011X057X,057X,077X,077X,077X,077X,067X,077X,057X067X,067X,067X,067X,067X,067X,067X,067X,011X067X,,011X067X,057X,011X067X,011X057X,011X067X,057X,011X067X,011X057X,057X067X
1002E,2005,4,SEÑORIO DE BERTIZ,146,NAVARRA,0,0,0,2,0,0,134,331,105,135,0,0,0,160,338,191,70,67,100,253,155,7,62,41,0,0,0,0,0,0,,067X,,,011X067X,057X,,011X,011X021X,011X021X,011X057X,,067X,057X067X,011X057X067X,011X,011X041X057X,011X057X,011X057X,011X057X,011X,011X057X,011X057X,011X041X067X,011X,057X,067X,057X067X,067X,057X067X,067X,
1002E,2005,5,SEÑORIO DE BERTIZ,146,NAVARRA,0,0,0,125,40,0,0,0,120,67,170,5,328,0,0,32,169,0,0,4,11,7,0,0,0,0,0,0,52,0,0,067X,067X,067X,011X057X,011X,067X,057X067X,067X,011X041X067X,011X057X,011X057X,011X,011X,057X,067X,011X067X,011X,067X,067X,011X067X,011X,011X,,067X,067X,067X,,067X,011X067X,,067X
1002E,2005,6,SEÑORIO DE BERTIZ,146,NAVARRA,0,0,0,0,0,0,0,0,0,0,2,15,230,0,0,0,0,0,0,0,0,0,0,40,31,0,32,0,0,5,,067X,067X,057X067X,067X,067X,067X,,057X067X,067X,067X,011X067X,011X041X067X,011X041X057X,057X,067X,057X067X,067X,067X,057X067X,067X,067X,067X,067X,011X,011X057X,057X,011X067X,,057X,011X067X,
1002E,2005,7,SEÑORIO DE BERTIZ,146,NAVARRA,0,0,11,3,11,59,18,0,8,0,0,0,0,0,0,0,4,7,0,0,0,0,0,2,0,0,0,0,0,0,17,057X,067X,011X067X,011X057X,011X067X,011X057X,011X057X,057X,011X067X,,057X067X,067X,067X,067X,057X067X,,011X057X,011X057X,067X,067X,057X,,,011X067X,057X,057X,067X,,,067X,011X067X
1002E,2005,8,SEÑORIO DE BERTIZ,146,NAVARRA,7,0,0,0,0,0,0,2,0,245,0,0,0,0,0,0,0,0,137,231,4,4,27,0,0,75,10,0,0,0,81,011X,057X,067X,,067X,067X,,011X067X,067X,011X067X,057X,057X067X,067X,067X,057X067X,067X,067X,,011X067X,011X,011X057X,011X057X,011X057X,057X067X,057X067X,011X057X067X,011X057X,057X,057X067X,067X,011X
1002E,2005,9,SEÑORIO DE BERTIZ,146,NAVARRA,0,0,0,0,4,210,18,289,65,0,92,8,0,0,0,232,0,0,0,0,0,0,0,8,66,0,4,0,4,0,,057X,057X067X,067X,057X,011X057X,011X057X,011X057X,011X,011X057X,057X,011X067X,011X,057X,057X067X,057X067X,011X057X067X,,067X,057X067X,057X067X,057X067X,057X067X,057X067X,011X057X067X,011X057X,057X067X,011X057X067X,057X,011X057X067X,057X,
1002E,2005,10,SEÑORIO DE BERTIZ,146,NAVARRA,158,27,0,0,0,0,0,0,8,-3,0,362,46,55,6,0,19,40,0,0,0,137,8,0,0,0,0,81,0,140,5,011X057X067X,011X057X,057X,057X067X,057X067X,057X067X,057X067X,067X,011X057X067X,011X057X,,011X067X,011X057X,011X057X,011X,067X,011X067X,011X057X,057X067X,067X,067X,011X067X,011X057X,057X067X,,067X,,011X,,011X,011X
1002E,2005,11,SEÑORIO DE BERTIZ,146,NAVARRA,0,0,125,58,5,0,0,327,255,0,0,400,40,5,192,189,50,0,0,0,0,0,0,110,400,87,190,73,190,300,,061X,,011X061X,011X051X,011X051X,051X061X,061X,011X061X,011X,051X,051X061X,011X061X,011X051X,011X051X,011X051X,011X051X,011X051X,051X061X,051X061X,061X,061X,051X061X,051X061X,011X061X,011X051X,011X,011X,011X051X,011X,011X051X,
1002E,2005,12,SEÑORIO DE BERTIZ,146,NAVARRA,23,12,0,155,330,140,25,197,6,0,0,0,3,-3,0,46,93,0,0,0,0,0,0,0,0,0,0,100,416,30,132,011X051X,011X,,011X,011X051X,011X051X,011X051X,011X051X,011X,051X061X,051X061X,061X,011X051X061X,011X051X,061X,011X061X,011X051X,061X,051X071X,051X071X,071X,071X,071X,071X,071X,051X071X,051X,021X071X,011X051X,011X051X,011X051X
1002E,2006,1,SEÑORIO DE BERTIZ,146,NAVARRA,245,122,0,166,28,0,0,48,120,0,0,0,0,0,0,0,82,62,8,4,6,0,0,0,0,0,0,0,-3,10,12,011X051X,011X051X,051X,011X061X,011X051X,051X,051X061X,011X061X,011X,051X061X,051X071X,051X071X,071X,,,,011X061X,011X061X,011X051X,011X051X061X,011X051X,061X,051X071X,071X,,071X,,051X071X,021X051X071X,011X051X,011X051X
1002E,2006,2,SEÑORIO DE BERTIZ,146,NAVARRA,0,0,0,0,0,0,0,0,0,0,0,0,0,0,12,53,10,380,185,5,130,3,20,5,11,2,0,15,,,,051X,051X061X,071X,051X,051X,051X,051X071X,051X071X,051X071X,051X061X,071X,051X071X,051X071X,071X,011X051X061X,011X,011X051X,011X,011X,011X,011X051X,011X051X,011X051X,011X051X,011X071X,011X051X,051X,011X051X,,,
1002E,2006,3,SEÑORIO DE BERTIZ,146,NAVARRA,110,-3,0,170,192,120,125,3,145,825,230,77,0,0,0,0,0,-3,25,0,108,75,10,15,0,0,108,0,3,12,0,011X051X,011X,,011X,011X021X,011X,011X051X,011X,011X,011X,011X051X,011X,,051X061X,061X,071X,051X061X,011X,011X,,011X061X,011X051X,011X,011X,,061X,011X,,011X061X,011X,051X
1002E,2006,4,SEÑORIO DE BERTIZ,146,NAVARRA,0,0,0,50,0,0,0,0,195,35,0,0,0,7,4,125,72,0,0,0,280,58,0,0,3,6,60,0,0,0,,051X,061X,061X,011X061X,051X,061X,051X061X,061X,011X031X051X061X,011X051X,051X061X,061X,061X,011X061X,011X051X,011X061X,011X,,051X061X,061X,011X061X,011X051X,051X,051X061X,011X051X061X,011X051X,011X051X,,061X,061X,
1002E,2006,5,SEÑORIO DE BERTIZ,146,NAVARRA,0,0,0,105,53,14,50,0,0,0,25,10,-3,0,0,0,0,-3,0,0,0,27,5,0,0,0,0,0,8,0,0,061X,061X,061X,011X,011X051X,011X051X,011X,,061X,061X,011X061X,011X061X,011X051X,061X,061X,,061X,011X051X,051X061X,061X,,011X061X,011X051X,061X,061X,051X,,051X,011X,,
1002E,2006,6,SEÑORIO DE BERTIZ,146,NAVARRA,0,0,0,0,0,0,0,0,0,0,0,0,0,0,123,351,0,0,249,-3,0,0,0,187,-3,29,8,3,0,0,,061X,061X,,061X,061X,061X,061X,,,,061X,,,061X,011X061X,011X051X,051X,051X061X,011X061X,011X051X,061X,061X,061X,011X051X061X,011X051X,011X061X,011X051X,011X051X,051X,051X061X,
1002E,2006,7,SEÑORIO DE BERTIZ,146,NAVARRA,0,3,0,0,10,4,0,0,0,0,3,0,0,0,0,0,0,100,22,0,10,0,0,7,0,5,69,30,0,2,0,061X,011X051X061X,051X,051X,011X061X,011X061X,051X,061X,061X,,011X051X,051X,051X061X,061X,051X061X,061X,061X,011X041X061X,011X,061X,011X061X,051X,,011X041X061X,051X,011X,011X051X,011X051X,051X,011X061X,051X
1002E,2006,8,SEÑORIO DE BERTIZ,146,NAVARRA,0,126,17,0,0,0,5,8,0,0,0,30,0,0,15,13,10,52,14,0,0,0,0,0,118,35,3,3,30,0,0,051X061X,011X061X,011X051X,061X,061X,061X,011X061X,011X051X,061X,061X,061X,011X061X,051X,061X,011X051X061X,011X061X,011X,011X061X,011X,051X,051X,051X061X,,051X061X,011X051X,011X051X,011X051X,011X051X,011X061X,,051X061X
1002E,2006,9,SEÑORIO DE BERTIZ,146,NAVARRA,0,0,0,0,0,0,23,0,0,0,255,238,73,522,341,53,0,0,0,0,340,0,20,62,190,0,0,0,12,17,,061X,051X,051X061X,051X061X,051X061X,051X061X,011X061X,061X,061X,061X,011X041X051X,011X051X,011X051X,011X051X,011X051X,011X,051X,051X061X,051X061X,061X,011X061X,,011X061X,011X,011X051X,051X,051X061X,051X061X,011X061X,011X051X,
1002E,2006,10,SEÑORIO DE BERTIZ,146,NAVARRA,0,71,90,98,0,78,-3,0,0,3,332,0,0,0,0,0,13,0,28,18,0,65,0,0,4,-3,0,0,0,0,15,061X,011X061X,011X,011X051X,051X,011X051X061X,011X051X,061X,061X,011X061X,011X061X,051X,051X061X,061X,061X,061X,011X,061X,011X061X,011X,,011X061X,,061X,011X,011X,061X,061X,051X061X,051X061X,011X051X061X
1002E,2006,11,SEÑORIO DE BERTIZ,146,NAVARRA,21,0,0,15,0,0,0,0,0,0,20,40,0,0,0,222,0,0,69,62,784,94,5,10,0,0,0,28,4,0,,011X051X,051X061X,051X061X,011X061X,051X,061X,061X,061X,061X,051X061X,011X051X061X,011X051X,051X,051X061X,061X,011X,061X,061X,011X061X,011X051X,011X051X,011X051X,011X,011X,,061X,,011X061X,011X051X,051X061X,
1002E,2006,12,SEÑORIO DE BERTIZ,146,NAVARRA,0,94,20,1,664,113,40,67,265,0,0,0,0,0,0,4,13,0,0,0,0,0,0,0,0,0,0,0,0,0,0,,011X,011X051X,011X,011X051X,011X,011X,011X,011X,051X,051X061X,061X,051X061X,071X,071X,011X071X,011X051X,051X061X,051X061X,051X071X,051X071X,051X,051X061X,051X061X,051X,051X,071X,071X,071X,,061X
1002E,2007,1,SEÑORIO DE BERTIZ,146,NAVARRA,49,5,0,16,5,3,8,6,0,0,4,0,0,0,0,0,0,0,0,12,3,325,418,110,-3,0,0,0,0,67,29,011X,011X051X,051X061X,011X051X061X,011X051X,011X051X,011X051X,011X051X,051X061X,061X,011X051X061X,051X,051X061X,051X061X,051X061X,051X061X,051X061X,061X,051X061X,011X051X061X,011X051X,011X051X061X,011X021X081X,021X081X,021X081X,071X081X,071X081X,051X081X,051X071X,011X071X,011X051X
1002E,2007,2,SEÑORIO DE BERTIZ,146,NAVARRA,-3,0,0,10,12,10,174,95,74,5,70,60,0,90,0,25,140,146,0,42,10,0,37,65,70,74,15,12,,,,011X051X,051X061X,051X071X,011X051X061X,011X051X,011X051X,011X,011X,011X,011X,011X,011X051X,051X061X,011X,051X061X,011X,011X,011X051X,051X,011X061X,011X051X,,011X061X,011X,011X051X,011X,011X051X,011X051X,,,
1002E,2007,3,SEÑORIO DE BERTIZ,146,NAVARRA,0,0,0,16,0,17,583,171,28,0,0,0,0,0,0,0,0,188,530,242,60,66,345,50,40,8,298,37,77,118,47,051X061X,061X,061X,011X061X,061X,011X,011X,011X051X,011X051X,061X,051X061X,061X,061X,051X061X,051X061X,051X061X,051X061X,011X051X061X,011X021X051X,021X031X041X,011X031X,011X051X,011X051X,011X051X,011X051X,011X051X,011X051X,011X051X,011X051X,011X,011X051X
1002E,2007,4,SEÑORIO DE BERTIZ,146,NAVARRA,270,110,98,30,0,0,113,34,25,141,17,355,31,5,57,-3,0,0,0,19,0,23,0,0,0,41,210,29,0,180,,011X051X,011X051X,011X051X,011X051X,051X,051X061X,011X051X061X,011X051X,011X051X061X,011X051X061X,011X051X061X,011X061X,011X051X,011X051X,011X051X,011X051X,051X061X,061X,051X061X,011X051X061X,061X,011X051X061X,061X,061X,051X,011X051X061X,011X,011X061X,051X,011X061X,
1002E,2007,5,SEÑORIO DE BERTIZ,146,NAVARRA,152,0,910,72,37,12,0,0,0,0,0,0,130,150,10,20,12,3,3,70,1,5,0,106,73,27,200,108,0,0,35,011X057X, ,011X041X057X,011X057X,011X057X,011X057X, ,057X067X,057X067X,057X067X,067X,067X,011X,011X,011X057X,011X,011X057X067X,011X057X,011X041X057X,011X,011X,011X,057X,011X041X057X067X,011X,011X057X,011X067X,011X,057X,067X,011X067X
1002E,2007,6,SEÑORIO DE BERTIZ,146,NAVARRA,115,56,0,3,0,0,0,0,345,11,0,23,0,10,0,34,12,0,0,70,0,0,0,5,40,50,6,0,0,0,,011X,011X057X,067X,011X057X067X,057X067X,057X067X,057X067X,067X,011X041X067X,011X041X057X,057X,011X057X067X,057X,011X067X,067X,011X067X,011X057X,067X,067X,011X067X,057X,067X,067X,011X,011X,011X057X,011X057X,067X,057X067X,067X,
1002E,2007,7,SEÑORIO DE BERTIZ,146,NAVARRA,5,-3,9,3,0,0,0,22,16,28,4,0,0,0,0,25,0,0,28,20,-3,1,68,5,0,0,0,0,0,0,0,011X057X067X,011X057X,011X067X,011X057X,067X,067X,,011X,011X057X,011X057X,011X057X,,067X,,,011X,,057X,011X057X,011X,011X057X,011X,011X057X,011X,057X067X,057X067X,067X,057X,,,
1002E,2007,8,SEÑORIO DE BERTIZ,146,NAVARRA,0,0,0,0,0,25,17,15,0,0,0,0,0,0,93,20,0,16,118,500,766,587,724,8,3,0,0,0,15,10,0,067X,067X,067X,067X,067X,011X067X,011X,011X057X,067X,057X,057X,057X067X,057X,067X,011X067X,011X057X,057X067X,011X057X067X,011X057X,011X057X,011X057X,011X057X,011X057X,011X057X,011X057X,067X,067X,067X,011X057X067X,011X057X,067X
1002E,2007,9,SEÑORIO DE BERTIZ,146,NAVARRA,0,5,75,5,0,0,0,0,0,0,0,0,3,0,0,31,125,43,0,0,11,35,0,30,312,187,13,0,0,0,,057X067X,011X057X067X,011X057X,011X057X,067X,067X,057X067X,057X067X,057X067X,057X067X,057X067X,057X067X,011X057X067X,057X,057X067X,011X067X,011X057X,011X057X,057X067X,057X067X,011X067X,011X057X,057X067X,011X057X067X,011X057X,011X057X,011X057X,057X067X,067X,067X,
1002E,2007,10,SEÑORIO DE BERTIZ,146,NAVARRA,45,17,30,325,113,-3,8,58,24,146,0,0,0,0,0,0,19,0,0,0,0,0,85,0,0,0,0,0,112,13,0,011X067X,011X057X,011X057X,011X,011X057X,011X057X,011X057X067X,011X057X,011X057X,011X057X,,057X067X,057X067X,067X,067X,067X,011X057X067X,057X,057X067X,057X067X,057X067X,057X067X,011X057X067X,,057X067X,057X067X,057X067X,057X067X,011X057X067X,011X057X,057X
1002E,2007,11,SEÑORIO DE BERTIZ,146,NAVARRA,0,0,0,0,0,0,0,0,0,0,0,0,57,44,0,0,0,0,31,98,0,59,44,0,76,0,0,0,0,0,,057X067X,057X067X,057X067X,057X067X,057X067X,057X067X,057X067X,057X067X,057X,057X067X,057X067X,057X067X,011X057X067X,011X,067X,077X,077X,077X,011X067X,011X,067X,011X067X,011X,057X,011X077X,057X,067X,057X067X,057X067X,057X067X,
1002E,2007,12,SEÑORIO DE BERTIZ,146,NAVARRA,55,59,228,0,0,0,135,119,270,283,0,0,0,0,0,0,11,0,0,0,0,0,0,0,23,0,0,0,73,27,0,011X057X067X,011X057X067X,011X057X,057X,057X067X,057X067X,011X057X067X,011X057X,011X057X,011X057X,057X,057X067X,077X,057X077X,057X077X,077X,011X077X,057X,067X,,,,057X067X,057X067X,011X057X067X,057X,057X067X,077X,011X057X067X,011X057X,
1002E,2008,1,SEÑORIO DE BERTIZ,146,NAVARRA,0,3,10,23,50,0,16,30,2,0,358,174,0,8,164,107,164,7,0,0,0,64,0,0,0,0,0,0,0,64,0,057X067X,011X057X,011X057X,011X057X,011X057X,057X,011X057X067X,011X057X,011X057X,067X,011X,011X057X,067X,011X,011X,011X,011X057X,011X057X,057X,057X067X,077X,011X057X067X,057X,067X,057X067X,057X067X,077X,057X077X,057X,011X057X067X,057X
1002E,2008,2,SEÑORIO DE BERTIZ,146,NAVARRA,98,3,113,27,0,0,0,0,0,0,0,0,0,0,0,0,0,0,2,0,0,0,0,0,0,7,17,1,0,,,011X057X067X,011X,011X067X,011X,,067X,057X067X,077X,067X,077X,077X,,067X,067X,067X,057X077X,067X,,011X,,057X067X,057X067X,057X067X,067X,,011X067X,011X057X,011X057X,057X,,
1002E,2008,3,SEÑORIO DE BERTIZ,146,NAVARRA,4,0,191,200,9,5,55,8,69,137,8,0,0,0,19,0,79,18,0,0,360,302,385,458,78,214,385,11,0,193,161,011X057X,057X,011X057X,011X031X057X,021X,011X077X,011X,011X057X,011X057X,011X,011X057X,057X,057X067X,057X067X,011X067X,057X067X,011X067X,011X,067X,067X,011X067X,011X031X,011X,011X057X,011X,011X057X,011X057X,011X057X,057X,011X067X,011X057X
1002E,2008,4,SEÑORIO DE BERTIZ,146,NAVARRA,147,0,0,0,0,5,32,5,30,445,132,5,111,51,0,73,46,26,8,27,155,65,8,0,0,0,0,15,30,4,,011X057X,057X,057X,067X,057X067X,011X057X067X,011X067X,011X,011X067X,011X057X,011X057X,011X057X,011X067X,011X,057X067X,011X067X,011X057X,011X,011X,011X,011X,011X,011X057X,057X067X,057X067X,067X,067X,011X057X067X,011X067X,011X067X,
1002E,2008,5,SEÑORIO DE BERTIZ,146,NAVARRA,0,0,0,77,0,0,0,3,140,34,0,0,30,105,0,13,0,220,11,-3,0,20,349,133,123,55,24,262,18,441,506,067X,067X,067X,011X067X,057X,057X067X,067X,011X,011X,011X057X,057X,057X,011X067X,011X057X,,011X057X067X,067X,011X067X,011X057X,011X057X,057X067X,011X057X067X,011X041X,011X057X,011X057X,011X041X,011X057X,011X,011X,011X057X,011X057X
1002E,2008,6,SEÑORIO DE BERTIZ,146,NAVARRA,26,142,5,3,87,11,81,66,187,30,130,4,30,0,51,205,66,0,0,0,0,0,72,0,0,81,0,0,0,0,,011X,011X057X,011X057X,011X057X067X,011X067X,011X057X,011X057X,011X,011X057X,011X057X,011X057X,011X,011X057X,057X,011X067X,011X,011X057X,057X,057X067X,067X,067X,067X,011X041X067X,057X,057X067X,011X041X067X,057X,067X,057X067X,067X,
1002E,2008,7,SEÑORIO DE BERTIZ,146,NAVARRA,0,92,0,3,20,0,0,0,0,0,32,123,6,0,0,5,0,0,0,0,0,0,0,0,6,0,0,24,0,0,0,067X,011X057X067X,057X,011X067X,011X057X,,067X,067X,067X,057X067X,011X,011X057X,011X057X,057X067X,057X067X,011X057X067X,057X,067X,067X,,067X,067X,067X,057X,011X,,,011X067X,057X,057X,
1002E,2008,8,SEÑORIO DE BERTIZ,146,NAVARRA,0,0,0,0,15,39,8,0,0,0,0,32,1,71,36,1,0,0,4,0,134,27,0,2,0,0,0,0,0,211,0,,,057X,067X,011X067X,011X067X,011X057X,,,067X,057X067X,011X,011X,011X057X,011X057X,011X067X,,067X,011X057X067X,067X,011X057X067X,011X057X,057X,057X067X,057X,067X,057X067X,067X,057X067X,011X067X,057X
1002E,2008,9,SEÑORIO DE BERTIZ,146,NAVARRA,0,0,0,9,51,0,0,0,103,0,75,230,63,0,0,0,0,17,0,0,0,0,0,0,0,0,0,0,0,0,,057X067X,067X,067X,011X057X067X,011X067X,,067X,067X,011X057X,057X,011X057X067X,011X057X,011X,057X,057X067X,057X067X,067X,011X067X,057X,067X,057X067X,057X067X,067X,057X067X,057X067X,057X067X,057X067X,067X,057X067X,057X067X,
1002E,2008,10,SEÑORIO DE BERTIZ,146,NAVARRA,0,262,131,0,0,0,225,123,0,0,0,0,0,0,0,13,0,0,0,0,304,-3,0,0,0,0,205,9,126,188,143,057X,011X057X,011X,057X,067X,067X,011X067X,011X057X,057X,057X067X,067X,057X,067X,057X067X,057X067X,011X057X067X,057X067X,057X067X,057X067X,067X,011X067X,011X,057X067X,057X067X,057X067X,057X067X,011X057X067X,011X,011X057X,011X057X,011X057X
1002E,2008,11,SEÑORIO DE BERTIZ,146,NAVARRA,131,325,32,0,463,31,40,0,0,0,132,134,2,7,2,6,40,331,2,25,155,245,426,205,0,0,0,3,2,45,,011X,011X057X,011X057X,067X,011X057X067X,011X,011X067X,057X,067X,067X,011X057X,011X057X,011X057X,011X057X,011X057X,011X057X,011X057X,011X057X,011X057X,011X057X,011X057X,011X057X,011X057X,011X057X,057X,057X077X,057X,011X057X077X,011X057X,011X,
1002E,2008,12,SEÑORIO DE BERTIZ,146,NAVARRA,220,92,158,173,73,48,0,176,146,13,77,27,115,236,8,0,121,-3,46,0,0,0,0,0,0,16,0,5,3,0,0,011X057X,011X057X,011X,011X057X,011X057X,011X057X,057X,011X067X,011X057X,011X057X,011X021X,011X057X,011X,011X021X,011X021X057X081X,057X,011X067X,011X057X,011X057X067X,057X,057X067X,057X067X,077X,077X,077X,011X057X,057X067X,011X077X,011X,,
1002E,2009,1,SEÑORIO DE BERTIZ,146,NAVARRA,0,0,0,0,75,4,0,-3,0,0,0,0,301,0,0,0,0,4,262,46,102,92,314,190,97,497,318,55,10,0,29,067X,057X067X,057X067X,057X067X,011X057X067X,011X021X057X,057X,021X,077X,077X,077X,077X,011X,057X,,077X,057X,011X,011X,011X057X,011X057X,011X057X,011X057X,011X057X,011X,011X057X,011X057X,011X057X,011X057X,057X,011X057X
1002E,2009,2,SEÑORIO DE BERTIZ,146,NAVARRA,25,34,0,24,30,255,280,92,13,342,747,7,0,0,0,0,0,0,0,0,0,3,0,0,0,0,0,0,,,,011X067X,011X,057X,011X,011X,011X021X057X,011X057X,011X057X,011X057X,011X,011X057X,011X057X,057X,057X,057X,057X077X,057X077X,057X,067X,057X067X,057X077X,011X057X067X,,067X,057X077X,057X067X,057X067X,057X067X,,,
1002E,2009,3,SEÑORIO DE BERTIZ,146,NAVARRA,120,31,3,220,210,74,47,32,13,0,0,0,0,2,0,0,0,0,0,0,0,0,0,0,0,0,15,47,0,0,0,011X057X,011X,011X057X,011X,011X057X,011X,011X,011X057X,011X057X,057X067X,057X067X,057X067X,067X,011X067X,057X,057X067X,067X,067X,067X,067X,077X,077X,077X,057X,057X067X,,011X057X,011X,057X,067X,057X
1002E,2009,4,SEÑORIO DE BERTIZ,146,NAVARRA,3,0,0,4,0,272,62,0,0,640,174,18,0,69,35,30,0,9,135,13,0,0,0,45,195,200,88,89,27,145,,011X057X,057X,057X,011X057X067X,057X,011X041X067X,011X057X,057X,067X,011X,011X,011X057X,057X,011X067X,011X,011X,057X,011X067X,011X057X,011X057X,057X,057X067X,057X067X,011X067X,011X057X,011X057X,011X057X,011X057X,011X057X,011X057X067X,
1002E,2009,5,SEÑORIO DE BERTIZ,146,NAVARRA,2,0,6,2,0,0,92,10,45,78,50,0,514,115,3,0,0,0,0,85,0,5,126,13,106,34,0,0,0,0,0,011X,067X,011X057X067X,011X057X,057X067X,057X067X,011X031X041X057X067X,011X057X067X,011X,011X057X,011X031X057X,057X067X,011X041X057X,011X057X,011X,067X,067X,067X,067X,011X067X,057X,011X057X067X,011X057X,011X057X,011X057X,011X057X,,067X,067X,067X,057X067X
1002E,2009,6,SEÑORIO DE BERTIZ,146,NAVARRA,0,0,0,32,20,72,21,70,0,0,0,0,0,43,22,41,100,0,4,0,0,0,0,10,2,0,0,0,0,0,,067X,067X,067X,011X067X,011X057X,011X031X,011X057X,011X,067X,067X,067X,067X,067X,011X057X067X,011X057X,011X057X067X,011X041X,057X,011X057X,067X,067X,067X,067X,011X067X,011X067X,057X,067X,067X,067X,,
1002E,2009,7,SEÑORIO DE BERTIZ,146,NAVARRA,0,0,5,8,0,15,10,0,0,0,0,0,0,0,0,14,240,0,0,0,0,0,0,0,0,0,29,0,0,3,0,067X,,011X057X,011X057X,057X,011X,011X,057X,,067X,067X,,,,,011X,011X,057X,067X,067X,,067X,067X,,067X,067X,011X,,067X,011X057X,057X
1002E,2009,8,SEÑORIO DE BERTIZ,146,NAVARRA,55,0,0,0,40,51,3,30,8,0,0,0,0,0,0,0,3,0,0,25,0,0,0,0,39,0,8,15,0,0,0,011X,,057X,057X067X,011X067X,011X,011X,011X057X,011X057X,057X,067X,,057X,057X,067X,057X,011X057X,057X,,011X,,057X,067X,,011X,057X,011X067X,011X057X,,057X,067X
1002E,2009,9,SEÑORIO DE BERTIZ,146,NAVARRA,0,0,15,38,0,0,0,0,0,0,0,0,0,0,40,3,326,305,20,308,20,0,0,0,0,0,0,0,0,0,,057X,,011X057X,011X057X,057X,057X067X,067X,067X,057X,057X,057X,057X,057X,057X067X,011X067X,011X057X,011X057X,011X057X,011X057X,011X057X,011X057X,057X,057X,057X,057X,067X,057X,057X,057X,057X067X,
1002E,2009,10,SEÑORIO DE BERTIZ,146,NAVARRA,0,0,0,0,0,0,25,64,10,45,110,39,0,0,0,0,0,0,0,132,60,342,145,24,3,0,0,0,0,0,0,057X,057X,057X,067X,067X,067X,011X067X,011X057X,011X057X,011X057X,011X057X,011X057X,057X067X,057X067X,057X067X,057X067X,057X067X,057X067X,067X,011X,011X057X,011X057X,011X057X,011X057X,011X057X,057X,057X067X,057X067X,067X,057X067X,057X067X
1002E,2009,11,SEÑORIO DE BERTIZ,146,NAVARRA,254,34,54,137,270,190,472,826,4,444,15,0,0,9,0,0,0,0,0,0,13,0,0,0,15,0,0,48,64,508,,011X067X,011X,011X,011X057X,011X057X,011X057X,011X041X,011X041X,011X,011X057X,011X057X,067X,067X,011X,,,,057X,057X,057X,011X,067X,067X,067X,011X,067X,067X,011X067X,011X,011X031X041X,
1002E,2009,12,SEÑORIO DE BERTIZ,146,NAVARRA,62,82,156,144,0,0,11,0,0,0,6,0,0,0,0,0,-3,70,-3,0,0,56,86,93,13,79,5,46,61,0,27,011X057X067X,011X057X067X,011X,011X057X067X,,,011X,057X,057X067X,057X067X,057X067X,057X067X,057X,057X,057X,077X,021X057X,011X021X,021X,077X,,011X,011X057X,011X057X,011X057X,011X057X,011X057X,011X,011X057X,,011X
1002E,2010,1,SEÑORIO DE BERTIZ,146,NAVARRA,84,-3,31,29,30,0,0,-3,70,128,0,118,62,445,0,34,6,0,58,45,0,10,35,45,0,0,0,107,425,346,25,011X067X,011X057X,011X,011X057X067X,011X057X,057X,057X,021X077X,021X081X,021X081X,077X081X,011X077X,011X057X,011X,057X,011X,011X057X,057X,011X,011X057X,057X,011X057X,011X057X,011X057X,,057X077X,057X,011X057X,011X057X,011X057X,011X021X057X081X
1002E,2010,2,SEÑORIO DE BERTIZ,146,NAVARRA,50,0,0,44,18,75,0,100,100,22,20,70,0,0,0,0,27,76,64,-3,0,58,0,0,23,8,0,0,,,,011X021X081X,057X,077X,011X,011X057X,011X,057X,011X067X,011X057X,021X057X,021X081X,021X081X,081X,081X,077X,057X067X,011X057X,011X057X,011X,011X057X,,011X,,,011X,011X,,,,,
1002E,2010,3,SEÑORIO DE BERTIZ,146,NAVARRA,0,0,0,36,55,0,0,0,0,-3,4,0,0,0,0,0,0,0,0,0,45,0,0,30,6,0,0,0,100,138,110,,,,011X,011X057X,077X,077X,077X,077X,021X,021X081X,057X,057X,057X,077X,,067X,,,,011X,057X,067X,011X,011X,,,067X,011X067X,011X,011X067X
1002E,2010,4,SEÑORIO DE BERTIZ,146,NAVARRA,14,0,158,70,0,56,50,0,0,0,0,0,0,0,4,0,0,0,0,0,64,41,-3,0,0,0,0,0,200,130,,011X057X,067X,011X057X,011X,057X,011X067X,011X057X,057X,057X067X,067X,067X,067X,057X067X,057X067X,011X057X,057X067X,067X,,067X,057X067X,011X067X,011X,011X057X,057X067X,057X067X,057X067X,057X067X,067X,011X041X,011X057X,
1002E,2010,5,SEÑORIO DE BERTIZ,146,NAVARRA,120,78,65,469,229,0,20,16,74,0,0,43,14,127,235,4,0,0,0,0,0,0,0,0,0,68,9,4,0,10,0,011X057X,011X057X,011X057X,011X057X,011X057X,057X,011X057X067X,011X057X,011X,067X,057X067X,011X057X,011X057X,011X057X,011X057X,011X057X,057X,057X,067X,057X067X,067X,067X,067X,067X,,011X067X,011X057X067X,011X057X,057X067X,011X,
1002E,2010,6,SEÑORIO DE BERTIZ,146,NAVARRA,0,0,0,0,205,4,15,75,0,9,10,54,9,90,55,440,14,67,200,0,0,0,0,0,0,0,4,0,0,0,,057X,,,067X,011X041X,011X057X,011X067X,011X057X,,011X,011X,011X057X,011X057X,011X,011X057X,011X057X,011X057X,011X057X,011X057X,,067X,067X,057X067X,067X,067X,067X,011X067X,057X067X,057X,067X,
1002E,2010,7,SEÑORIO DE BERTIZ,146,NAVARRA,0,6,8,0,6,0,0,6,0,0,0,0,0,0,0,2,0,0,0,112,68,5,8,0,10,0,0,0,20,0,2,057X067X,011X,011X057X,057X,011X,,057X,011X067X,057X,057X067X,057X,,,,067X,011X057X,057X,,067X,011X041X067X,011X057X,011X057X,011X057X,057X,011X057X,057X,067X,057X,011X057X,057X,011X057X
1002E,2010,8,SEÑORIO DE BERTIZ,146,NAVARRA,0,52,19,115,0,0,0,0,0,0,47,12,6,18,0,0,0,0,0,0,0,0,45,-3,0,0,15,-3,0,0,0,057X,011X057X,011X057X,011X057X,,057X067X,057X067X,067X,057X,057X,011X057X,011X,011X057X,011X057X,057X,067X,057X,057X,,067X,057X067X,067X,011X,011X057X,067X,067X,011X067X,011X,067X,067X,057X067X
1002E,2010,9,SEÑORIO DE BERTIZ,146,NAVARRA,5,0,0,0,0,272,20,12,25,0,0,0,0,0,7,60,35,0,0,0,0,0,46,173,23,0,0,0,13,0,,011X067X,057X,057X,057X,057X067X,011X057X067X,011X057X,011X067X,011X057X,057X067X,067X,057X,057X067X,057X067X,011X067X,011X057X,011X057X,057X067X,057X067X,067X,067X,057X067X,011X057X067X,011X057X,011X,,057X067X,057X067X,011X057X067X,057X,
1002E,2010,10,SEÑORIO DE BERTIZ,146,NAVARRA,0,0,185,32,0,0,0,0,115,347,4,0,0,0,0,0,0,0,8,10,0,0,4,140,0,0,0,0,113,0,273,057X067X,067X,011X,011X057X,067X,067X,067X,067X,011X,011X057X,011X057X,057X,057X067X,057X067X,057X067X,057X067X,057X067X,067X,011X057X067X,011X057X,057X067X,067X,011X057X067X,011X057X,057X,057X067X,057X067X,057X067X,011X067X,057X,011X
1002E,2010,11,SEÑORIO DE BERTIZ,146,NAVARRA,67,47,6,0,0,140,254,207,136,250,0,0,0,96,250,8,65,9,6,135,417,220,85,8,243,29,0,50,0,0,,011X,011X057X,011X057X,057X,057X067X,011X057X067X,011X057X,011X,011X,011X057X,057X,067X,067X,011X,011X057X067X,011X057X,011X,011X057X,011X057X067X,011X,011X057X,011X057X,011X057X,011X057X,011X057X,011X057X,057X,011X077X,057X,,
1002E,2010,12,SEÑORIO DE BERTIZ,146,NAVARRA,95,42,165,22,4,10,0,50,0,0,0,0,0,0,0,0,160,0,0,34,19,274,340,78,0,0,0,0,0,0,0,011X077X,011X021X057X,011X021X,011X057X,011X,011X,,011X,057X,057X067X,077X,077X,057X,057X067X,077X,057X077X,011X,057X,077X,011X077X,011X,011X057X,011X057X,011X,,077X,077X,,,057X,067X
1002E,2011,1,SEÑORIO DE BERTIZ,146,NAVARRA,20,5,0,5,0,0,0,17,21,30,135,26,0,0,0,0,0,6,0,0,0,0,0,0,0,0,0,15,106,0,0,011X057X077X,011X057X,057X067X,011X057X077X,057X,,,011X,011X057X,011X057X,011X057X,011X057X,057X,057X,057X067X,067X,067X,011X057X067X,057X,057X067X,077X,057X,057X,077X,057X,057X077X,077X,011X057X,011X057X,057X,057X
1002E,2011,2,SEÑORIO DE BERTIZ,146,NAVARRA,0,10,0,0,0,0,0,0,0,0,0,0,127,0,40,0,0,0,22,85,354,723,35,0,0,250,552,20,,,,057X,011X057X,057X,057X,057X067X,057X067X,077X,077X,077X,057X077X,057X,057X,011X067X,057X,011X,,067X,067X,011X067X,011X057X,011X057X,011X,011X057X,057X,057X,011X057X,011X031X,011X057X,,,
1002E,2011,3,SEÑORIO DE BERTIZ,146,NAVARRA,5,5,0,0,0,0,0,0,0,0,0,-3,0,22,492,110,120,10,3,0,0,8,0,0,0,0,110,31,95,7,0,011X057X,011X057X,057X,057X,057X067X,057X077X,057X077X,,,057X067X,057X067X,011X,067X,011X067X,011X057X,011X057X,011X057X,011X057X,011X057X,067X,057X067X,011X057X067X,067X,,,067X,011X067X,011X057X,011X057X,011X057X,057X
1002E,2011,4,SEÑORIO DE BERTIZ,146,NAVARRA,0,23,75,0,0,0,0,0,0,26,20,10,0,0,0,0,0,0,0,0,0,0,98,148,38,0,0,0,0,0,,067X,011X067X,011X057X,057X,057X067X,067X,067X,067X,067X,011X,011X057X,011X057X,057X067X,057X067X,067X,057X067X,067X,,,,,,011X067X,011X057X,011X057X,057X,057X067X,057X067X,057X067X,067X,
1002E,2011,5,SEÑORIO DE BERTIZ,146,NAVARRA,33,41,10,0,0,15,55,0,0,0,11,0,50,5,0,0,0,15,0,0,0,0,0,0,55,15,0,0,0,250,65,011X067X,011X057X,011X057X,057X067X,057X067X,011X067X,011X,067X,067X,067X,011X,057X,011X057X067X,011X057X,067X,067X,057X067X,011X067X,057X,,,,,057X,011X,011X,,067X,067X,011X,011X057X
1002E,2011,6,SEÑORIO DE BERTIZ,146,NAVARRA,0,0,0,0,0,395,119,4,19,4,0,0,0,0,10,3,0,0,0,0,0,3,0,0,0,0,0,74,5,0,,,067X,067X,067X,067X,011X057X,011X057X,011X,011X067X,011X057X,057X,067X,067X,067X,011X067X,011X057X,,067X,067X,067X,,011X,057X,057X067X,067X,067X,067X,011X057X,011X057X,,
1002E,2011,7,SEÑORIO DE BERTIZ,146,NAVARRA,0,0,0,0,3,0,-3,0,85,0,0,192,70,0,0,53,50,155,116,10,32,18,12,243,110,177,15,0,0,0,0,067X,067X,057X,067X,011X067X,,011X,067X,011X,057X,067X,011X031X067X,011X057X,,057X067X,011X067X,011X057X,011X057X,011X057X,011X057X,011X,011X,011X057X,011X057X,011X057X,011X057X,011X057X,067X,057X067X,057X067X,057X067X
1002E,2011,8,SEÑORIO DE BERTIZ,146,NAVARRA,5,0,0,0,0,16,5,3,0,0,0,0,0,4,0,0,0,17,0,0,0,0,14,-3,21,15,0,0,0,0,90,011X067X,,067X,057X,057X067X,011X067X,011X057X,011X,067X,067X,057X067X,057X,,011X057X,057X,,067X,011X,,067X,067X,,011X057X,011X057X,011X,011X,067X,057X,067X,,011X067X
1002E,2011,9,SEÑORIO DE BERTIZ,146,NAVARRA,14,264,15,6,0,0,0,0,0,0,0,0,0,0,0,8,44,242,7,0,0,0,42,0,0,0,0,0,0,0,,011X057X,011X067X,011X057X,011X057X,067X,057X,057X,057X,057X067X,067X,067X,057X067X,057X067X,,067X,011X057X067X,011X057X,011X057X,011X057X,057X,057X067X,057X067X,011X057X067X,057X,057X067X,057X067X,067X,067X,057X067X,067X,
1002E,2011,10,SEÑORIO DE BERTIZ,146,NAVARRA,0,0,0,0,0,125,146,35,4,0,4,-3,0,0,0,0,0,0,90,0,0,0,0,23,0,0,148,7,0,0,275,067X,067X,057X067X,057X067X,057X067X,011X057X067X,011X057X,011X057X,011X057X,057X067X,011X057X067X,011X057X,057X067X,057X067X,067X,057X067X,057X067X,067X,011X057X,057X,057X067X,067X,067X,011X,067X,067X,011X,011X057X,057X,057X067X,011X067X
1002E,2011,11,SEÑORIO DE BERTIZ,146,NAVARRA,-3,0,143,238,1530,570,105,0,5,0,0,0,0,10,0,0,0,0,0,0,0,19,5,0,0,0,0,0,0,0,,011X057X,067X,011X,011X,011X057X,011X057X,011X057X,057X,011X067X,,067X,067X,,011X,,067X,057X067X,067X,067X,067X,067X,011X057X067X,011X057X067X,057X,057X067X,057X067X,057X067X,057X067X,067X,067X,
1002E,2011,12,SEÑORIO DE BERTIZ,146,NAVARRA,79,103,0,68,70,16,0,0,0,0,30,-3,0,40,-3,340,452,129,115,143,92,9,55,0,0,0,0,145,95,18,13,011X,011X057X,067X,011X057X,011X057X,011X057X,057X067X,057X067X,057X067X,057X067X,011X057X067X,011X057X,067X,011X,011X,011X031X,011X041X,011X057X,011X057X,011X057X,011X057X,011X057X,011X057X,057X,057X,057X077X,077X,011X077X,011X057X,011X057X,011X057X
1002E,2012,1,SEÑORIO DE BERTIZ,146,NAVARRA,51,85,46,16,298,11,14,28,0,0,0,0,0,0,2,0,0,7,82,150,64,63,15,0,0,100,7,196,0,0,273,011X057X,011X057X,011X057X,011X057X,011X057X,011X057X,011X057X,011X057X,057X,057X067X,057X067X,077X,057X,057X067X,011X077X,057X,057X,011X057X077X,011X057X,011X057X,011X057X,011X057X,011X057X,057X,057X067X,011X057X067X,011X057X,011X057X067X,057X,057X,011X057X
1002E,2012,2,SEÑORIO DE BERTIZ,146,NAVARRA,34,11,0,92,181,20,14,0,0,0,0,0,70,44,96,0,0,17,48,0,0,0,0,0,0,0,0,0,0,,,011X057X,021X057X,077X,021X077X,011X081X,011X,021X,077X,077X,077X,077X,077X,011X077X,011X057X,011X057X,057X,067X,011X057X,011X057X,077X,077X,077X,077X,067X,057X,057X,057X,057X,077X,,
1002E,2012,3,SEÑORIO DE BERTIZ,146,NAVARRA,0,0,0,92,100,69,42,3,0,0,0,0,0,0,0,0,48,79,18,24,158,0,0,0,0,0,0,0,0,0,0,057X,077X,057X,011X067X,011X,011X057X,011X057X,011X,077X,057X067X,057X067X,057X067X,057X067X,057X067X,067X,067X,011X057X067X,011X,011X057X,011X057X,011X,057X,057X,,067X,067X,067X,067X,067X,067X,067X
1002E,2012,4,SEÑORIO DE BERTIZ,146,NAVARRA,0,3,5,43,36,38,138,38,0,78,8,118,100,160,188,3,64,73,199,34,102,8,118,31,50,3,370,250,56,45,,057X,011X057X,011X057X,011X057X,011X057X,011X057X,011X,011X057X,057X,011X,011X,011X,011X057X,011X057X,011X057X,011X,011X067X,011X,011X057X,011X057X,011X,011X057X,011X,011X,011X,011X057X,011X,011X057X,011X,011X057X,
1002E,2012,5,SEÑORIO DE BERTIZ,146,NAVARRA,0,0,0,0,9,0,43,18,0,0,0,0,0,0,0,0,0,30,338,337,346,40,0,0,0,0,0,0,0,0,0,067X,067X,067X,067X,011X,,011X067X,011X,067X,067X,067X,067X,067X,057X067X,067X,067X,,011X057X,011X,011X057X,011X057X,011X057X,057X,057X067X,067X,067X,067X,067X,067X,057X,057X
1002E,2012,6,SEÑORIO DE BERTIZ,146,NAVARRA,0,215,11,0,0,0,0,0,8,90,102,4,0,0,0,0,0,67,14,218,0,0,0,0,0,0,0,0,0,40,,067X,011X067X,011X057X,067X,067X,067X,067X,067X,011X057X,011X,011X041X,011X,067X,067X,067X,067X,,011X,011X057X,011X041X067X,,067X,057X,067X,067X,067X,067X,067X,,011X067X,
1002E,2012,7,SEÑORIO DE BERTIZ,146,NAVARRA,3,0,0,11,0,0,0,0,7,6,0,0,11,0,0,0,0,0,0,0,0,0,0,0,0,4,18,9,0,0,0,011X057X,057X,067X,011X057X,,,067X,,011X057X,011X057X,057X,067X,011X067X,057X,,067X,067X,067X,067X,,,,057X,067X,067X,011X041X067X,011X,011X057X,,,067X
1002E,2012,8,SEÑORIO DE BERTIZ,146,NAVARRA,0,0,0,6,100,0,0,0,0,0,0,0,0,0,0,0,0,0,3,0,0,0,0,11,12,0,304,0,18,115,6,057X,,,011X057X,011X057X,057X,057X,067X,067X,067X,057X067X,,,067X,,057X,067X,067X,011X,,,,,011X067X,011X057X,057X,011X041X067X,057X,011X057X,011X057X,011X057X
1002E,2012,9,SEÑORIO DE BERTIZ,146,NAVARRA,0,0,3,0,0,0,0,0,0,13,31,70,38,0,0,0,0,20,0,0,98,0,87,0,125,0,0,136,11,0,,,057X,011X067X,057X,057X,057X,057X,067X,067X,011X057X067X,011X057X,011X057X,011X057X,067X,057X,057X,057X,011X,,057X,011X,057X,011X067X,,011X,057X,067X,011X057X,011X,057X,
1002E,2012,10,SEÑORIO DE BERTIZ,146,NAVARRA,0,0,0,0,0,0,0,0,0,13,260,35,13,246,11,0,0,178,188,795,172,0,0,50,27,620,95,12,0,0,0,057X,057X,057X,057X,067X,067X,,067X,057X,011X057X,011X,011X057X,011X057X,011X,011X057X,,,011X,011X057X,011X057X,011X057X,057X,057X,011X067X,011X057X,011X,011X057X,011X057X,057X,067X,057X
1002E,2012,11,SEÑORIO DE BERTIZ,146,NAVARRA,84,0,36,67,60,39,0,0,35,36,44,0,0,0,0,4,163,110,0,23,20,0,0,0,192,63,467,350,151,5,,011X067X,,011X067X,011X057X,011X057X,011X031X057X,057X,067X,011X,011X,011X057X,057X,057X,067X,067X,011X067X,011X,011X057X,057X,011X067X,011X057X,057X,,,011X057X,011X057X,011X,011X057X,011X,011X057X,
1002E,2012,12,SEÑORIO DE BERTIZ,146,NAVARRA,0,104,94,393,272,0,167,42,0,0,0,11,26,161,0,54,10,12,0,30,0,0,0,0,32,10,13,0,44,-3,30,057X,011X057X,011X057X,011X057X,011X057X,057X,011X,011X057X,057X,057X,057X,011X057X,011X,011X,067X,011X,011X,011X057X,057X,011X,,057X,067X,,011X,011X057X,011X,057X,011X,011X057X,011X077X
1002E,2013,1,SEÑORIO DE BERTIZ,146,NAVARRA,286,10,0,2,0,0,0,0,20,43,0,123,273,623,669,400,148,180,359,130,61,105,670,161,218,118,210,0,0,0,0,011X057X,011X057X,057X,011X077X,057X,057X,057X,057X,011X057X,011X057X,057X,011X077X,011X031X,011X057X,011X057X,011X057X,011X,011X057X,011X,011X,011X,011X031X,011X,011X057X,011X057X,011X057X,011X,057X,,,057X
1002E,2013,2,SEÑORIO DE BERTIZ,146,NAVARRA,412,182,32,111,231,420,306,281,185,113,175,284,354,30,0,0,12,0,0,0,25,0,3,70,115,6,0,6,,,,011X031X067X,011X031X,011X,011X057X,011X057X,011X031X057X,011X,011X057X,011X057X,011X057X,011X,011X057X,011X057X,011X057X,057X,057X,011X077X,057X,057X,057X,011X,057X,021X057X,021X057X081X,021X057X081X,021X057X081X,057X,011X057X,,,
1002E,2013,3,SEÑORIO DE BERTIZ,146,NAVARRA,0,0,0,0,0,0,149,15,0,0,197,225,150,75,0,24,40,26,44,0,0,0,0,8,152,30,190,30,284,15,120,,057X,077X,,,067X,011X067X,011X057X,,,011X067X,011X021X,011X021X,011X081X,067X,011X067X,011X,011X057X,011X057X,,067X,067X,057X,011X067X,011X,011X,011X057X,011X,011X,011X,011X067X
1002E,2013,4,SEÑORIO DE BERTIZ,146,NAVARRA,40,27,45,46,290,10,52,0,5,0,50,6,0,4,0,0,0,33,0,0,0,0,0,0,6,173,64,47,160,62,,011X,011X,011X057X,011X,011X021X057X,011X057X,011X057X,057X,011X,067X,011X,011X,067X,011X067X,,067X,067X,011X067X,,067X,067X,067X,,067X,011X067X,011X057X,011X057X,011X057X,011X,011X057X,
1002E,2013,5,SEÑORIO DE BERTIZ,146,NAVARRA,70,100,9,0,0,5,0,19,125,0,4,0,0,121,100,0,450,298,26,5,73,100,53,44,7,0,205,103,183,159,290,011X,011X,011X057X,067X,057X067X,011X057X,,011X067X,011X057X,057X,011X067X,,057X,011X,011X,,011X067X,011X057X,011X057X,011X,011X057X,011X057X,011X,011X,011X,057X,011X,011X057X,011X,011X,011X057X
1002E,2013,6,SEÑORIO DE BERTIZ,146,NAVARRA,35,12,0,0,0,0,180,763,65,5,0,0,20,0,0,0,79,270,44,88,13,12,8,0,0,0,0,0,0,0,,011X057X,011X057X,,057X,067X,067X,011X067X,011X057X,011X,011X057X,067X,067X,011X057X067X,067X,067X,067X,011X067X,011X,011X057X,011X,011X057X,011X067X,011X057X,067X,067X,067X,067X,067X,067X,,
1002E,2013,7,SEÑORIO DE BERTIZ,146,NAVARRA,0,0,10,0,0,0,0,0,0,0,0,80,0,0,0,65,0,0,0,0,0,75,0,0,0,10,30,24,0,0,0,057X,067X,011X057X,,067X,057X,067X,067X,057X,,057X,011X041X057X,057X,067X,057X,011X041X057X,057X,057X,057X,067X,067X,011X041X067X,,067X,,011X041X,011X,011X067X,067X,067X,057X
1002E,2013,8,SEÑORIO DE BERTIZ,146,NAVARRA,0,12,0,0,9,5,20,25,0,0,0,0,0,0,0,0,0,0,0,0,0,0,11,13,35,10,0,0,0,0,0,067X,011X067X,,,011X,011X057X,011X,011X057X,057X,067X,057X,057X,,067X,067X,067X,057X,057X,057X,067X,067X,067X,011X057X,011X057X,011X057X067X,011X057X,057X,057X,067X,057X,067X
1002E,2013,9,SEÑORIO DE BERTIZ,146,NAVARRA,0,0,0,0,0,20,55,1,36,22,0,3,0,20,0,42,55,54,42,10,0,0,0,0,0,0,0,0,10,0,,,057X,067X,067X,067X,011X067X,011X057X,011X057X,011X057X,011X057X,,011X067X,057X,011X067X,057X,011X057X,011X057X,011X057X,011X057X,011X057X,057X,057X,067X,067X,067X,067X,,,011X,067X,
1002E,2013,10,SEÑORIO DE BERTIZ,146,NAVARRA,0,5,430,22,32,8,0,0,0,30,5,0,0,2,5,8,0,0,0,0,0,30,0,16,54,2,0,16,190,0,0,067X,011X,011X,011X057X,011X057X,011X057X,057X,057X,067X,011X057X067X,011X057X067X,057X067X,067X,011X067X,011X,011X057X,057X,067X,067X,067X,067X,011X,,011X067X,011X057X,011X057X,067X,011X,011X,057X,057X
1002E,2013,11,SEÑORIO DE BERTIZ,146,NAVARRA,5,140,85,826,185,-3,0,62,166,283,148,192,39,184,45,13,60,352,212,245,322,50,0,0,0,0,0,0,40,92,,011X067X,011X,011X057X,011X,011X057X,011X057X,057X,011X067X,011X057X,011X057X,011X057X,011X057X,011X057X,011X,011X057X,011X,011X057X,011X057X,011X057X,011X,011X057X,011X057X,057X,,,067X,077X,077X,011X077X,011X057X,
1002E,2013,12,SEÑORIO DE BERTIZ,146,NAVARRA,0,0,0,0,0,0,0,0,0,0,0,0,122,0,0,0,0,43,240,9,0,0,0,70,118,65,55,35,63,0,0,057X,057X,077X,077X,057X,,057X,057X,077X,077X,,,011X077X,057X,077X,,,011X067X,011X057X,011X057X,057X,,,011X,011X,011X,011X,011X057X,011X,,
1002E,2014,1,SEÑORIO DE BERTIZ,146,NAVARRA,6,8,100,72,0,0,0,0,0,0,0,70,53,49,25,0,0,98,150,124,80,395,206,510,165,125,265,48,199,224,100,011X,011X,011X,011X067X,,,,067X,,077X,067X,011X067X,011X057X,011X057X,011X057X,,067X,011X057X,011X057X,011X057X,011X057X,011X057X,011X057X,011X057X,011X057X,011X057X,011X,011X057X,011X,011X057X,011X
1002E,2014,2,SEÑORIO DE BERTIZ,146,NAVARRA,270,0,0,21,0,78,20,73,70,327,66,0,0,16,0,0,0,130,35,120,8,0,0,0,103,145,67,295,,,,011X057X,057X,,011X077X,,011X,011X,011X,011X,011X057X,011X,057X,,011X,,057X,077X,011X,011X057X,011X,011X,077X,077X,,011X,011X,011X,011X057X,,,
1002E,2014,3,SEÑORIO DE BERTIZ,146,NAVARRA,140,140,585,292,68,0,0,0,0,0,0,0,0,0,0,0,0,0,0,0,53,290,118,210,388,270,4,0,0,0,0,011X057X,011X057X,011X,011X,011X057X,057X,067X,067X,,067X,077X,057X,067X,067X,057X,057X,057X,057X,067X,067X,011X041X057X,011X021X081X,011X081X,011X057X,011X041X,011X057X,011X057X,067X,067X,,067X
1002E,2014,4,SEÑORIO DE BERTIZ,146,NAVARRA,0,10,158,55,0,0,0,0,0,3,0,0,0,0,0,0,0,0,110,13,190,10,1,125,10,147,35,52,45,19,,,011X,011X,011X,057X,067X,067X,057X,067X,011X,067X,057X,057X,067X,067X,067X,067X,067X,011X067X,011X057X,011X057X,011X057X,011X067X,011X041X057X,011X,011X,011X,011X057X,011X057X,011X,
1002E,2014,5,SEÑORIO DE BERTIZ,146,NAVARRA,90,77,7,0,0,0,0,0,0,4,0,12,14,0,0,0,0,0,245,142,48,27,43,230,112,16,18,70,35,53,10,011X,011X,011X,067X,067X,067X,067X,057X,067X,011X067X,,011X067X,011X,,067X,067X,067X,067X,011X041X,011X057X,011X041X,011X,011X,011X067X,011X057X,011X057X,011X067X,011X057X,011X057X,011X057X,011X057X
1002E,2014,6,SEÑORIO DE BERTIZ,146,NAVARRA,6,33,6,3,0,10,0,0,20,0,0,0,0,3,0,0,0,0,0,0,30,50,62,68,0,10,0,19,-3,0,,011X,011X057X,011X,011X,067X,011X067X,067X,067X,011X041X067X,067X,067X,057X,057X,011X067X,,,,067X,067X,067X,011X041X067X,011X041X057X,011X041X,011X,,011X057X,067X,011X067X,011X,057X,
1002E,2014,7,SEÑORIO DE BERTIZ,146,NAVARRA,212,55,890,65,0,176,14,93,50,11,75,15,22,-3,0,0,0,0,5,155,16,0,0,20,0,0,0,92,12,2,0,011X041X,011X057X,011X041X057X,011X057X,067X,011X,011X057X,011X067X,011X,011X,011X057X,011X,011X057X,011X057X,067X,057X,067X,,011X067X,011X057X,011X057X,067X,067X,011X067X,057X,067X,067X,011X057X,011X057X,011X057X,067X
1002E,2014,8,SEÑORIO DE BERTIZ,146,NAVARRA,72,44,214,0,0,0,0,206,0,4,0,78,76,9,25,5,0,0,0,0,3,165,0,0,0,3,0,28,1,0,0,011X041X,011X041X057X,011X041X057X,057X,067X,057X,067X,011X041X067X,057X,011X067X,057X,011X067X,011X,011X057X,011X067X,011X057X,067X,067X,067X,067X,011X067X,011X057X,057X,057X,067X,011X067X,,011X067X,011X057X,067X,067X
1002E,2014,9,SEÑORIO DE BERTIZ,146,NAVARRA,0,0,4,0,0,0,190,0,0,0,0,0,0,122,0,3,0,0,0,27,0,5,0,0,0,0,0,0,45,0,,057X,057X067X,011X057X067X,057X,057X,057X,011X041X057X,057X,057X,057X,067X,067X,057X,011X041X057X067X,057X,011X067X,067X,067X,067X,011X041X067X,057X,011X057X,057X,057X,057X,057X,057X,,011X067X,057X,
1002E,2014,10,SEÑORIO DE BERTIZ,146,NAVARRA,0,0,0,58,10,0,0,13,185,35,28,150,3,0,16,0,0,0,0,0,18,0,0,0,0,0,0,0,0,0,0,057X,057X,057X,011X067X,011X057X,067X,067X,011X,011X,011X057X,011X057X,011X041X,011X,,011X067X,,067X,067X,067X,067X,011X067X,067X,057X,067X,057X,057X,057X067X,067X,067X,067X,067X
1002E,2014,11,SEÑORIO DE BERTIZ,146,NAVARRA,0,3,324,430,315,38,28,12,0,0,0,0,82,10,0,130,33,0,0,0,0,0,0,38,25,21,0,7,112,85,,067X,011X057X,011X067X,011X057X,011X,011X057X,011X057X,011X057X,057X,057X,,067X,011X,011X,067X,011X067X,011X057X,057X,067X,,067X,,067X,011X067X,011X057X,011X057X,,011X,011X057X,011X057X,
1002E,2014,12,SEÑORIO DE BERTIZ,146,NAVARRA,195,14,2,6,288,40,180,515,3,93,10,0,8,52,156,150,66,0,10,85,0,0,0,0,27,51,461,47,0,0,0,011X057X,011X057X,011X,011X057X,011X057X,011X,011X057X,011X057X,011X,011X057X,011X057X,,011X,011X057X,011X057X,011X057X,011X057X,057X,011X057X,011X057X,057X,057X,077X,077X,011X057X,011X057X,011X057X,011X057X,057X,077X,077X
1002E,2015,1,SEÑORIO DE BERTIZ,146,NAVARRA,0,0,5,19,0,4,0,0,0,30,16,0,0,0,53,295,13,100,142,25,315,40,0,0,0,96,50,48,474,726,505,077X,077X,011X077X,011X057X,057X,011X067X,057X,057X,057X,011X057X,011X057X,077X,,,011X,011X057X,011X,011X,011X057X,011X057X,011X057X,011X057X,057X,057X,077X,011X,011X057X,011X057X,011X,011X057X,011X
1002E,2015,2,SEÑORIO DE BERTIZ,146,NAVARRA,319,106,0,0,0,0,0,0,0,0,5,0,0,139,70,335,85,0,0,180,310,60,299,438,675,352,52,156,,,,011X,011X021X057X,081X,077X,,077X,057X,057X,077X,077X,011X077X,,,011X,011X057X,011X057X,011X057X,,057X,011X,011X,011X,011X057X,011X,011X057X,011X057X,011X,011X057X,,,
1002E,2015,3,SEÑORIO DE BERTIZ,146,NAVARRA,14,23,103,98,0,0,0,0,0,0,0,20,240,120,8,0,0,5,3,56,58,118,120,165,16,62,131,5,-3,0,14,011X057X,011X057X,011X,011X057X,,057X,077X,057X,057X,067X,057X,011X067X,011X057X,011X057X,011X057X,057X,067X,011X067X,011X057X,011X057X,011X057X,011X057X,011X057X,011X057X,011X,011X,011X,011X057X,011X057X,,011X067X
1002E,2015,4,SEÑORIO DE BERTIZ,146,NAVARRA,2,0,29,24,0,0,0,0,0,18,0,0,0,0,0,10,22,25,0,0,0,3,0,20,10,595,127,0,0,4,,011X,067X,011X057X,011X057X,057X,067X,067X,,,011X,057X,067X,067X,067X,,011X,011X057X,011X057X,057X,067X,067X,011X,,011X067X,011X,011X,011X057X,,067X,011X067X,
1002E,2015,5,SEÑORIO DE BERTIZ,146,NAVARRA,20,0,5,15,1,0,0,0,0,0,0,0,0,98,130,24,0,36,110,138,8,2,30,2,26,2,0,0,0,0,0,011X,067X,011X067X,011X,011X057X,067X,067X,067X,067X,067X,067X,067X,,011X,011X057X,011X,,011X067X,011X057X,011X,011X057X,011X067X,011X057X,011X,011X,011X057X,067X,067X,057X,057X,057X
1002E,2015,6,SEÑORIO DE BERTIZ,146,NAVARRA,0,0,0,0,0,0,0,0,214,240,45,18,380,10,126,75,0,10,13,0,0,0,0,0,0,0,0,0,0,8,,,,057X,,067X,,,057X,011X057X,011X057X,011X057X,011X057X,011X,011X,011X067X,011X057X,057X,011X067X,011X057X,067X,067X,067X,067X,067X,067X,067X,057X,057X,,011X041X067X,
1002E,2015,7,SEÑORIO DE BERTIZ,146,NAVARRA,22,0,0,0,0,0,14,1,0,0,0,0,0,0,0,0,20,145,0,0,124,14,0,62,3,13,12,0,115,85,20,011X,,,067X,,,011X057X,011X057X,,067X,,,,,,,011X041X,011X041X057X,057X,057X,011X041X067X,011X,067X,011X057X,011X,011X067X,011X057X,067X,011X,011X057X,011X
1002E,2015,8,SEÑORIO DE BERTIZ,146,NAVARRA,0,0,34,0,0,0,65,10,0,0,0,0,40,11,71,0,0,0,0,0,0,318,0,0,0,0,0,0,0,0,850,057X,067X,011X057X067X,057X,067X,057X,011X,011X057X,057X,057X,067X,067X,011X067X,011X,011X057X,057X,067X,057X,067X,057X,067X,011X041X,,067X,067X,067X,067X,067X,067X,,011X041X
1002E,2015,9,SEÑORIO DE BERTIZ,146,NAVARRA,0,84,0,0,0,0,0,0,5,0,20,170,64,0,15,16,0,0,0,0,8,167,3,0,0,0,0,0,73,0,,057X,011X067X,057X,067X,057X,057X,057X,057X,011X067X,057X,011X041X057X,011X041X057X,011X,057X,011X067X,011X,,057X,057X,057X,011X057X,011X057X,011X057X,057X,057X,057X,057X,057X,011X057X,057X,
1002E,2015,10,SEÑORIO DE BERTIZ,146,NAVARRA,534,123,0,8,0,80,10,0,0,0,3,154,0,0,0,0,27,0,0,0,0,4,0,0,0,0,140,4,0,0,0,011X057X,011X057X,057X,011X,,011X,011X057X,057X,057X,057X067X,011X067X,011X057X,057X,067X,057X,057X,011X067X,,057X,067X,067X,011X057X,057X,067X,067X,067X,011X,011X,,067X,
1002E,2015,11,SEÑORIO DE BERTIZ,146,NAVARRA,0,56,0,0,0,0,0,0,0,0,0,0,6,0,0,0,0,0,0,233,624,14,25,430,500,45,135,7,0,0,,067X,011X067X,,067X,067X,067X,067X,067X,067X,057X067X,,,057X067X131X,057X,057X,057X067X,057X067X,057X067X,,011X057X067X,011X,011X,011X057X,011X057X,011X057X,011X,011X,011X,057X,057X,
1002E,2015,12,SEÑORIO DE BERTIZ,146,NAVARRA,0,0,0,0,0,0,0,11,0,0,0,0,0,0,0,0,0,0,0,0,0,0,0,0,0,0,0,0,0,16,0,057X,077X,077X,,057X,057X067X,,011X,057X,067X,057X,057X067X,057X077X,,,,067X,067X,067X,,057X067X,067X,067X,,067X,,,,,011X067X,057X
1002E,2016,1,SEÑORIO DE BERTIZ,146,NAVARRA,0,0,205,,,,,,,,,,35,210,150,40,50,122,0,0,0,40,0,0,0,0,0,51,10,5,20,067M,067M,011N,057M,,,,,,,,,011D,011A,011B021N081X,011T057M,011D057M,011A,,057M,077M,011A,057M,057M,,,067M,011D,011B,011N,011N
1002E,2016,2,SEÑORIO DE BERTIZ,146,NAVARRA,0,50,77,0,0,104,13,0,384,100,148,384,150,264,20,0,37,93,0,0,0,12,0,21,75,340,675,104,17,,,057X,011X057X,011X057X,057X,057X,011X067X,011X,,011X,011X057X,011X057X,011X,011X,011X,011X057X,,011X077X,011X057X,057X,077X,057X,011X067X,057X,011X057X,011X057X,011X021X057X,011X057X,011X057X,011X057X,,
1002E,2016,5,SEÑORIO DE BERTIZ,146,NAVARRA,,,,0,,0,0,90,77,0,0,24,840,68,0,0,0,41,,21,40,51,3,0,0,2,0,40,28,110,20,,,,,067X,,,011X,041X131X,,,011X031X,011X,011X,,057X,057X067X,011X067X,,011X,011X067X,011X,011X,,067X,011X067X,,011X,011X,011X,011X
1002E,2016,6,SEÑORIO DE BERTIZ,146,NAVARRA,0,0,0,0,0,0,0,0,0,10,8,8,43,90,65,117,148,37,0,0,0,0,0,60,0,0,0,0,0,0,,,,067X,,,041X067X,067X,057X067X,057X067X,011X057X067X,011X,011X,011X,011X,011X,011X041X,011X,011X057X,057X,057X,,,,011X067X,067X,067X,067X,,,057X,
1002E,2016,7,SEÑORIO DE BERTIZ,146,NAVARRA,50,0,0,36,10,10,0,0,0,120,10,11,21,0,0,0,0,0,0,14,65,36,9,0,0,0,0,0,0,0,10,011X,067X,057X067X,011X041X,011X067X,011X041X,067X,067X,,011X041X057X,011X057X,011X,011X,057X,057X,,067X,,067X,011X057X,011X041X,011X,011X041X,067X,,,,,067X,,011X057X
1002E,2016,8,SEÑORIO DE BERTIZ,146,NAVARRA,0,0,0,26,0,0,0,0,0,0,0,0,0,0,0,0,7,0,83,10,0,0,0,0,0,0,0,10,50,0,0,057X,067X,067X,011X,,,057X,067X,,,067X,067X,067X,067X,067X,,011X,,011X067X,011X,,067X,067X,,,,067X,011X,011X,,057X
1002E,2016,9,SEÑORIO DE BERTIZ,146,NAVARRA,0,0,0,0,0,0,0,12,3,0,0,0,172,6,169,152,210,160,27,0,0,0,0,0,5,0,45,0,0,64,,,,067X,067X,067X,067X,067X,011X,011X057X,057X067X,067X,,011X,011X,011X,011X,011X,011X,011X,067X,067X,067X,067X,067X,011X,,011X067X,067X,,011X,
1002E,2016,10,SEÑORIO DE BERTIZ,146,NAVARRA,12,0,0,0,0,0,0,0,0,0,0,24,158,91,0,1,0,0,0,0,0,0,13,29,0,0,0,0,0,0,0,011X,,,067X,067X,,067X,,067X,067X,057X067X,011X057X,011X,011X067X,,067X,067X,057X,067X,067X,057X067X,041X067X,011X,011X,067X,067X,057X,067X,057X,067X,
1002E,2016,11,SEÑORIO DE BERTIZ,146,NAVARRA,0,0,0,95,330,270,229,270,95,28,45,130,180,0,0,0,0,21,0,5,24,583,499,0,0,0,0,0,0,0,,067X,057X,057X,011X,011X,011X,011X,011X,011X,011X,011X,011X,011X,,,,,011X,,011X,011X,011X,011X,,,,,,,,
1002E,2016,12,SEÑORIO DE BERTIZ,146,NAVARRA,0,0,0,0,0,0,0,0,0,0,0,0,0,0,0,0,0,0,35,30,23,30,28,30,0,0,0,0,0,0,0,067X,067X,067X,,,067X,067X,,067X,067X,067X,067X,067X,,077X,067X,,057X,011X,011X057X,011X,011X,011X,011X,067X,067X,077X,077X,067X,077X,077X
1002E,2017,1,SEÑORIO DE BERTIZ,146,NAVARRA,0,0,0,0,0,0,0,0,60,652,83,151,250,305,770,430,0,0,0,0,0,0,0,0,0,0,60,30,5,0,0,077X,077X,077X,077X,077X,077X,077X,057X,011X,011X,011X,011X,011X,011X057X,011X,011X077X,077X,077X,077X,077X,077X,077X,057X077X,077X,077X,,011X,011X,011X,,
1002E,2017,2,SEÑORIO DE BERTIZ,146,NAVARRA,15,24,70,125,400,95,286,150,0,0,18,0,28,0,0,0,0,0,0,0,0,0,8,0,0,0,0,65,,,,011X,011X041X,011X,011X,011X031X041X,011X057X,011X031X041X,011X031X041X,,077X,011X057X067X,,011X,,,057X,057X,057X,067X,067X,057X,067X,011X067X,067X,067X,067X,067X,011X,,,
1002E,2017,3,SEÑORIO DE BERTIZ,146,NAVARRA,0,0,538,20,25,29,98,0,0,0,50,560,50,0,0,0,0,0,0,0,14,69,10,360,63,0,0,0,0,0,80,,057X,011X,011X,011X,011X,011X,057X,067X,057X,011X,011X,011X067X,057X,057X,067X,067X,057X,057X067X,,011X,011X067X,011X067X,011X,011X,067X,,067X,067X,067X,011X
1002E,2017,4,SEÑORIO DE BERTIZ,146,NAVARRA,350,58,4,47,60,2,0,0,0,0,0,0,0,0,0,0,0,0,0,0,0,0,0,1,67,12,1,0,0,83,,011X,011X,067X,011X057X,011X057X,011X067X,067X,067X,057X,057X,057X,057X,057X,067X,067X,067X,067X,067X,067X,,,,067X,011X,011X,011X067X,011X067X,067X,067X,011X,
1002E,2017,5,SEÑORIO DE BERTIZ,146,NAVARRA,8,25,0,0,250,0,0,0,0,30,14,0,0,0,0,0,0,240,18,0,0,0,0,0,0,135,0,0,60,0,0,011X,011X067X,057X,,011X,,,057X,,011X057X,011X067X,067X,067X,067X,067X,067X,067X,011X067X,011X,067X,067X,067X,057X,067X,067X,011X041X,,,011X,067X,067X
1002E,2017,6,SEÑORIO DE BERTIZ,146,NAVARRA,0,145,64,334,10,0,0,62,0,0,4,0,0,0,0,0,0,0,0,0,0,0,0,0,35,10,65,91,65,65,,067X,011X,011X,011X,011X,067X,067X,011X041X,067X,067X,011X,067X,067X,067X,067X,067X,067X,,,067X,067X,067X,067X,067X,011X,011X,011X,011X,011X,011X041X,
1002E,2017,7,SEÑORIO DE BERTIZ,146,NAVARRA,54,0,0,0,0,0,0,30,175,4,0,0,5,0,0,15,0,66,94,50,3,0,30,72,12,0,0,0,0,8,0,011X,067X,067X,,,067X,,011X,011X,011X067X,067X,067X,011X,067X,,011X,,011X,011X,011X,011X067X,,011X,011X,011X,067X,067X,067X,067X,011X057X067X,
1002E,2017,8,SEÑORIO DE BERTIZ,146,NAVARRA,0,0,0,0,0,0,55,55,91,63,0,0,0,0,7,1,0,2,0,0,0,15,0,0,0,1,38,440,130,217,20,067X,057X067X,067X,,067X,067X,011X067X,011X057X,011X057X,011X057X,057X067X,057X067X,067X,041X067X,011X,011X057X067X,057X067X,011X,057X,057X,057X,011X057X,067X,067X,067X,011X,011X057X,011X041X067X,011X,011X,011X057X
1002E,2017,9,SEÑORIO DE BERTIZ,146,NAVARRA,73,0,30,0,16,5,0,57,725,120,126,0,0,31,42,20,76,2,0,0,7,25,0,0,127,0,0,0,3,22,,011X,067X,011X067X,067X,011X,011X067X,057X067X,011X,011X,011X,011X,067X,067X,011X067X,011X057X,011X067X,011X,011X,067X,067X,011X057X,011X057X,057X067X,067X,011X,067X,067X,067X,011X,011X,
1002E,2017,10,SEÑORIO DE BERTIZ,146,NAVARRA,111,19,18,0,1,14,0,0,0,0,0,0,0,0,0,0,0,35,10,11,58,36,0,0,0,0,5,0,55,5,0,011X,011X,011X,057X,011X057X,011X067X,057X,057X,057X,057X,057X067X,057X,057X067X,067X,,067X,067X,011X,011X067X,011X,011X,011X,057X,,067X,,011X,067X,011X,011X057X,057X067X
1002E,2017,11,SEÑORIO DE BERTIZ,146,NAVARRA,0,0,0,490,200,5,98,310,105,151,38,82,0,0,0,0,0,0,0,0,3,0,0,95,115,0,0,88,87,380,,067X,067X,,011X,011X,011X057X067X,011X,011X,011X057X,011X,011X,011X,077X,057X067X,057X067X,067X,057X067X,057X067X,057X067X,067X,011X067X,,,011X,011X,067X,057X,011X,011X,011X,
1002E,2017,12,SEÑORIO DE BERTIZ,146,NAVARRA,68,0,0,0,0,0,60,140,198,195,120,4,77,120,340,65,56,70,0,0,8,15,0,0,50,135,320,240,11,0,65,011X,077X,,057X,077X,,011X057X,011X,011X,011X,011X,011X057X067X,011X,011X,011X,011X,011X,011X067X,041X057X,067X,011X,011X,057X067X,,011X057X,011X,011X,011X,011X,,011X
1002E,2018,1,SEÑORIO DE BERTIZ,146,NAVARRA,181,40,48,0,360,175,0,0,0,100,150,90,105,119,19,142,39,15,72,240,50,78,60,0,275,260,10,0,0,0,63,011X,011X,011X057X,,011X,011X021X081X,057X081X,077X081X,081X,011X,011X,011X,011X,011X,011X057X,011X057X,011X057X,011X057X,011X,011X,011X057X,011X,011X,067X,011X,011X,011X057X067X,057X,067X,057X067X,011X
1002E,2018,2,SEÑORIO DE BERTIZ,146,NAVARRA,281,160,265,15,41,3,39,2,120,134,281,6,98,48,0,39,63,220,450,360,12,0,0,0,0,0,90,40,,,,011X,011X,011X057X,011X,011X,011X,011X067X,011X077X,011X,011X,011X,011X,011X,011X057X,,011X,011X057X077X,011X,011X,011X,011X,077X,077X,077X,067X,077X,011X021X,011X,,,
1002E,2018,3,SEÑORIO DE BERTIZ,146,NAVARRA,51,50,28,0,135,100,0,0,0,0,0,6,10,56,14,0,119,100,260,25,0,0,72,78,136,132,30,45,2,161,121,011X021X,011X,011X,,011X,011X041X,067X,,,,067X,011X,011X,011X,011X,067X,011X031X,011X,011X021X,011X021X,,,011X,011X,011X,011X,011X057X,011X057X,011X031X057X,011X,011X031X041X057X
1002E,2018,4,SEÑORIO DE BERTIZ,146,NAVARRA,0,0,15,77,0,8,530,65,25,140,859,126,10,0,95,3,0,0,0,0,0,6,0,0,14,0,80,43,25,59,,,,011X,011X,,011X,011X,011X,011X,011X,011X,011X,011X,,011X,011X057X,,,057X,057X,057X,011X,057X,057X,011X,067X,011X,011X,011X,011X,
1002E,2018,5,SEÑORIO DE BERTIZ,146,NAVARRA,17,134,31,0,0,0,0,0,14,10,20,93,130,17,0,0,0,0,0,0,395,0,35,5,5,291,65,7,220,10,73,011X,011X,011X,067X,067X,057X067X,067X,,011X,011X,011X,011X,011X,011X,067X,067X,057X,057X,057X,057X,011X057X067X,057X067X,011X,011X,011X,011X,011X,011X,011X,011X,011X
1002E,2018,6,SEÑORIO DE BERTIZ,146,NAVARRA,130,1,120,140,35,0,60,0,40,44,228,230,132,0,6,5,7,2,0,0,0,0,0,0,0,0,48,0,15,142,,011X041X,011X,011X,011X,011X,,011X067X,067X,011X067X,011X,011X,011X,011X,067X,011X,011X067X,011X057X,011X057X,057X067X,057X067X,057X067X,057X067X,057X067X,057X067X,067X,067X,011X041X,067X,011X,011X,
1002E,2018,7,SEÑORIO DE BERTIZ,146,NAVARRA,0,0,0,238,5,27,0,0,0,0,2,252,86,20,20,41,0,100,58,45,10,0,0,0,0,0,28,0,0,0,0,067X,067X,067X,011X041X,011X,011X,067X,067X,067X,067X,011X,011X041X057X,011X041X,011X041X057X,011X,011X057X,067X,011X057X067X,011X057X,011X057X,011X057X067X,057X067X,067X,067X,067X,067X,011X057X,057X,067X,067X,
1002E,2018,8,SEÑORIO DE BERTIZ,146,NAVARRA,0,0,0,0,0,0,33,210,7,0,0,5,48,7,0,18,25,0,0,0,0,0,25,10,0,0,0,7,6,2,0,067X,067X,067X,067X,067X,067X,011X,011X,011X,067X,067X,011X,011X,011X,067X,011X,011X,067X,067X,067X,067X,067X,011X,011X,067X,067X,067X,011X,011X,011X,067X
1002E,2018,9,SEÑORIO DE BERTIZ,146,NAVARRA,0,0,0,60,28,16,0,38,0,0,7,0,0,0,0,0,0,0,0,0,0,0,44,5,0,0,0,0,0,0,,067X,067X,067X,011X041X057X,011X041X,011X057X,067X,011X067X,067X,067X,011X041X057X,067X,067X,067X,067X,067X,067X,067X,067X,067X,067X,067X,011X,011X057X,067X,067X,067X,067X,067X,057X067X,
1002E,2018,10,SEÑORIO DE BERTIZ,146,NAVARRA,0,0,0,0,0,20,350,0,0,30,0,0,0,155,0,0,0,0,0,0,0,0,0,0,0,123,39,175,190,10,90,,067X,067X,067X,067X,011X,011X,067X,067X,067X131X,,067X,,011X041X,067X,067X,,,067X,067X,067X,067X,067X,,067X,011X,011X,011X,011X,011X,011X
1002E,2018,11,SEÑORIO DE BERTIZ,146,NAVARRA,131,27,0,0,65,5,55,40,0,0,0,165,0,0,0,0,0,5,4,46,0,0,33,63,42,174,0,0,77,85,,011X,011X057X067X,057X067X,,011X067X,011X,011X,011X,,067X,,011X,067X,067X,067X,067X,067X,011X067X,011X,011X,067X,067X,011X067X,011X,011X,011X,067X,,011X,011X,
1002E,2018,12,SEÑORIO DE BERTIZ,146,NAVARRA,21,0,13,0,3,0,55,0,12,0,9,28,528,142,78,66,0,0,16,0,0,0,0,0,0,0,0,20,0,0,0,011X,,011X,067X,011X067X,057X067X,011X,067X,011X067X,067X,011X,011X,011X,011X,011X,011X067X,067X,067X,011X,067X,067X,057X067X,067X,067X,067X,077X,,011X,057X067X,057X067X,067X
1002E,2019,1,SEÑORIO DE BERTIZ,146,NAVARRA,5,0,0,0,0,0,0,61,9,0,0,6,29,21,0,41,129,16,28,155,25,540,550,90,130,41,470,250,263,130,347,011X067X,077X,057X077X,057X077X,077X,067X,067X,011X,011X,077X,077X,011X,011X,011X067X,067X,011X,011X067X,011X067X,011X,011X,011X,011X,011X,011X,011X057X067X,011X,011X,011X,011X,011X,011X
1002E,2019,2,SEÑORIO DE BERTIZ,146,NAVARRA,220,210,120,46,56,0,10,0,14,128,26,0,0,0,0,0,0,0,0,0,0,0,0,0,0,0,0,0,,,,011X,021X,011X021X031X,011X,011X057X,057X,011X057X,067X,011X,011X,011X067X,067X,067X,067X,077X,,,077X,057X067X,067X,067X,067X,067X,067X,067X,067X,067X,067X,,,
1002E,2019,3,SEÑORIO DE BERTIZ,146,NAVARRA,0,0,5,2,0,86,63,16,0,35,15,75,140,3,0,0,125,120,20,0,0,0,0,0,0,0,0,0,0,0,36,067X,067X,011X,011X,067X,011X,011X,011X067X,067X,011X067X,011X077X,011X,011X,011X067X,067X,067X,011X,011X,011X067X,057X,077X,077X,067X,067X,067X,067X,067X,067X,067X,067X,011X
1002E,2019,4,SEÑORIO DE BERTIZ,146,NAVARRA,20,30,110,0,100,0,70,100,20,56,48,0,0,0,198,0,0,0,0,0,0,0,49,125,44,19,5,0,0,0,,011X067X,011X,011X,,011X067X,067X,011X,011X,011X,011X,011X,057X,067X,067X,011X,,,067X,057X,067X,067X,,011X067X,011X067X,011X,011X067X,011X,,067X,067X,
1002E,2019,5,SEÑORIO DE BERTIZ,146,NAVARRA,0,41,31,50,0,0,2,0,102,13,0,0,0,0,0,340,229,682,210,3,0,0,42,55,27,60,29,52,0,0,0,067X,011X,011X,011X,067X,067X,011X,,011X067X,011X,067X,067X,067X,067X,067X,011X,011X,011X,011X,011X067X,067X,067X,011X,011X,011X,011X,011X,011X,067X,067X,067X
1002E,2019,6,SEÑORIO DE BERTIZ,146,NAVARRA,0,0,0,230,130,35,0,35,34,50,28,0,25,45,0,0,0,0,1,100,12,0,0,0,0,0,0,0,0,0,,,067X,067X,011X,011X041X,011X067X,067X,011X,011X,011X,011X,067X,011X067X,011X,067X,067X,067X,067X,011X,011X,011X,067X,067X,067X,067X,067X,067X,067X,067X,067X,
1002E,2019,7,SEÑORIO DE BERTIZ,146,NAVARRA,15,0,7,,0,2,115,430,53,0,0,0,0,0,0,9,0,0,0,0,0,0,0,0,40,49,220,,0,0,135,011X067X,,067X,067X,,011X067X,041X131X,011X,011X,,067X,067X,067X,067X,067X,067X,067X,067X,057X067X,057X067X,067X,067X,067X,067X,011X067X,011X,011X,,,067X,067X131X
1002E,2019,8,SEÑORIO DE BERTIZ,146,NAVARRA,66,0,0,0,0,20,0,0,20,100,80,48,0,15,0,0,0,0,50,0,0,0,0,1,0,57,0,0,0,0,0,011X067X,067X,067X,057X,067X,011X,057X067X,067X,011X,011X,011X067X,011X,067X,011X,067X,067X,067X,057X067X,011X,057X,057X,057X,067X,011X067X,057X,011X041X057X,057X067X,057X067X,057X067X,057X067X,057X067X
1002E,2019,9,SEÑORIO DE BERTIZ,146,NAVARRA,18,0,0,36,0,0,9,17,92,94,0,0,0,0,22,0,0,0,0,0,92,15,0,0,0,0,0,0,0,0,,011X057X,057X067X,057X067X,011X057X,057X,067X,011X057X,011X067X,011X,011X067X,057X067X,057X067X,057X067X,067X,011X057X,057X,057X,067X,057X067X,057X,011X,011X057X,067X,067X,057X,067X,,057X,057X067X,057X067X,
1002E,2019,10,SEÑORIO DE BERTIZ,146,NAVARRA,92,127,0,17,0,21,0,0,0,0,0,0,0,178,0,20,19,2,118,112,10,237,65,60,0,0,0,0,0,94,59,011X,011X,067X,011X,067X,011X067X,067X,067X,067X,067X,067X,067X,067X,011X,067X,011X,011X,011X067X,011X,011X057X067X,011X057X067X,011X057X,011X,011X067X,067X,057X067X,067X,057X067X,057X067X,011X,011X
1002E,2019,11,SEÑORIO DE BERTIZ,146,NAVARRA,166,309,45,126,457,156,126,436,366,151,175,73,157,98,115,240,200,0,0,0,0,195,454,38,0,0,23,77,3,235,,011X,011X,011X,011X,011X,011X,011X,011X,011X,011X,011X,011X,011X,011X,011X,011X,011X,057X,057X,067X,067X,011X,011X,011X,067X,067X,011X,011X,011X067X,011X057X067X,
1002E,2019,12,SEÑORIO DE BERTIZ,146,NAVARRA,0,0,0,0,0,0,0,72,138,0,292,911,235,0,0,0,17,0,107,97,60,150,0,0,10,0,0,0,0,0,3,057X067X,067X,057X067X,,057X,057X067X,057X067X,011X,011X,,011X,011X,011X,,,,011X057X,,011X,011X057X,011X,011X,057X,057X,011X,057X067X,057X067X,067X,077X,077X,067X
1002E,2020,1,SEÑORIO DE BERTIZ,146,NAVARRA,0,0,20,9,0,0,0,0,40,71,0,0,0,0,0,47,32,122,0,0,0,45,11,0,13,21,18,0,38,4,15,077X,067X,011X057X,011X057X,067X,067X,067X,067X,011X,011X,057X077X,057X,057X,067X,067X,011X,011X,011X,067X,067X,067X,011X,011X067X,067X,011X,011X,011X,067X,011X,011X,011X
1002E,2020,2,SEÑORIO DE BERTIZ,146,NAVARRA,0,0,0,32,0,0,0,0,0,12,56,0,10,0,0,0,51,50,0,0,0,0,0,0,180,115,160,0,45,,,067X,067X,,011X,,,067X,067X,067X,011X,011X057X,067X,011X067X,067X,067X,,011X,011X,077X,067X,067X,067X,057X,067X,011X,011X,011X067X,067X,011X,,
1002E,2020,3,SEÑORIO DE BERTIZ,146,NAVARRA,179,155,152,21,282,397,59,93,29,10,0,0,0,0,487,51,0,0,0,0,0,5,5,0,0,0,0,0,3,33,48,011X,011X,011X,011X,011X,011X041X,011X057X,011X,011X067X,011X057X067X,067X,067X,067X,067X,011X,011X,057X,057X,067X,,067X,011X,011X057X,067X,067X,077X,077X,057X,011X,011X021X081X,011X057X
1002E,2020,4,SEÑORIO DE BERTIZ,146,NAVARRA,20,0,0,0,23,65,14,2,0,0,192,5,0,0,0,7,160,120,5,76,171,13,1,11,17,93,164,20,0,12,,011X057X,057X,041X,067X,011X,011X057X,011X067X,011X057X,067X,067X,011X,011X057X,067X,067X,067X,011X,011X057X,011X057X,011X057X,011X,011X,011X057X,011X057X,011X067X,011X057X,011X,011X057X,011X057X,057X,011X,
1002E,2020,5,SEÑORIO DE BERTIZ,146,NAVARRA,43,0,0,20,0,0,0,8,70,515,69,145,5,5,1,0,0,0,0,0,0,2,15,0,0,0,0,0,0,0,0,011X057X,057X067X,067X,011X,057X,067X,,011X,011X,011X,011X,011X,011X,011X,011X,067X,067X,067X,067X,067X,067X,011X,011X,067X,067X,057X,067X,067X,067X,067X,067X
1002E,2020,6,SEÑORIO DE BERTIZ,146,NAVARRA,0,0,25,301,1,70,101,151,53,3,314,24,12,0,0,52,80,0,0,0,0,0,0,0,69,2,0,0,0,0,,067X,,011X,011X,011X067X,011X,011X,011X,011X,011X,011X,011X,011X,067X,067X,011X,011X,,067X,067X,067X,057X,067X,067X,011X041X,011X067X,067X,057X,067X,067X,
1002E,2020,7,SEÑORIO DE BERTIZ,146,NAVARRA,3,20,,,4,0,0,0,1,0,1,85,0,0,25,0,,1,0,0,3,0,0,0,0,,0,5,0,0,0,011X067X,011X057X,,,011X,,067X,057X067X,067X,067X,011X067X,011X,067X,067X,011X067X,,057X,131X,067X,041X067X,011X067X,057X,067X,067X,067X,067X,,131X,,,
1002E,2020,8,SEÑORIO DE BERTIZ,146,NAVARRA,5,0,12,0,0,0,0,50,3,2,0,1,0,6,11,0,0,0,0,0,295,0,0,0,0,0,10,40,445,45,0,011X,057X,011X057X067X,057X,067X,,,011X041X,011X067X,011X057X,067X,011X067X,067X,011X067X,011X067X,067X,067X,067X,067X,,011X,067X,067X,067X,067X,067X,011X,011X,011X,011X057X067X,057X067X
1002E,2020,9,SEÑORIO DE BERTIZ,146,NAVARRA,0,0,0,0,5,1,0,0,0,0,0,0,0,0,0,0,0,0,117,0,83,0,42,198,558,259,2,0,0,0,,057X067X,057X067X,057X067X,067X,011X,011X,057X067X,067X,057X067X,067X,067X,067X,067X,067X,067X,067X,,,011X,067X,011X057X067X,067X,011X,011X,011X041X,011X,011X,057X067X,057X067X,067X,
1002E,2020,10,SEÑORIO DE BERTIZ,146,NAVARRA,195,267,191,50,5,82,14,0,21,64,142,95,200,270,31,0,0,0,0,30,0,160,270,0,342,85,27,0,0,0,0,011X,011X,011X,011X,011X,011X,011X057X,057X,011X,011X,011X,011X,011X,011X,011X,067X,067X,067X,,011X,067X,011X,011X,,011X,011X,011X057X067X,057X067X,067X,067X,067X
1002E,2020,11,SEÑORIO DE BERTIZ,146,NAVARRA,0,32,62,0,0,0,125,3,3,2,0,0,0,0,58,0,0,0,52,0,0,0,0,0,0,0,0,0,0,0,,067X,011X,011X,067X,067X,067X,011X,011X,011X,011X067X,067X,067X,067X,,011X,057X,,,011X,057X,077X,077X,067X,067X,067X,,067X,057X067X,057X067X,057X067X,
1002E,2020,12,SEÑORIO DE BERTIZ,146,NAVARRA,55,30,95,46,255,255,277,342,295,410,339,93,0,33,0,0,0,93,0,20,0,0,17,210,48,0,175,120,283,50,190,011X067X,011X,011X057X,011X,011X,011X,011X,011X031X,011X,011X,011X057X,011X,067X,011X057X,067X,,067X,011X,067X,011X,067X,,011X,011X,011X,,011X,011X,011X,011X,011X021X081X
1002E,2021,1,SEÑORIO DE BERTIZ,146,NAVARRA,103,30,51,144,75,0,0,0,21,0,0,12,28,51,44,0,52,6,0,0,91,135,121,46,35,165,119,16,31,254,138,011X,011X,011X,011X021X,011X057X,057X077X,057X077X,077X,021X,067X,067X,011X,011X,011X,011X,067X,011X057X,011X057X,,,011X,011X,011X,011X,011X067X,011X,011X057X067X,011X,011X,011X,011X
1002E,2021,2,SEÑORIO DE BERTIZ,146,NAVARRA,159,0,0,9,20,245,40,90,30,20,50,300,0,0,0,0,0,0,0,0,157,45,0,0,0,0,0,5,,,,011X,,,011X,011X,011X,011X,011X031X041X,011X,011X,011X,011X,067X,067X,067X,,067X,,,,011X,011X,,,,,,011X,,,
1002E,2021,3,SEÑORIO DE BERTIZ,146,NAVARRA,0,0,0,0,0,0,11,24,6,0,16,19,74,75,34,26,0,83,102,0,0,0,0,0,0,0,0,0,0,0,0,067X,,067X,067X,067X,067X,011X,011X,011X,067X,011X,011X,011X,011X,011X,011X,067X,011X,011X,067X,067X,067X,067X,067X,067X,067X,067X,067X,067X,,067X
1002E,2021,4,SEÑORIO DE BERTIZ,146,NAVARRA,0,0,0,0,2,2,0,0,0,172,53,0,0,0,0,0,0,0,0,0,5,0,0,0,0,141,11,48,81,42,,067X,067X,057X067X,067X,011X057X,011X077X,067X,,,011X057X,011X,057X067X,067X,057X077X,077X,077X,077X,077X,,067X,011X,067X,,,,011X,011X,011X,011X,011X,
1002E,2021,5,SEÑORIO DE BERTIZ,146,NAVARRA,19,0,0,0,10,0,0,0,148,135,0,92,136,20,10,18,0,25,0,0,10,21,0,9,0,0,0,0,0,10,18,011X067X,067X,067X,067X,011X067X,067X,067X,,011X041X,011X041X,,011X057X,011X,011X,011X,011X,,011X,,,011X,011X,067X,011X067X,067X,067X,067X,067X,067X,011X,011X
1002E,2021,6,SEÑORIO DE BERTIZ,146,NAVARRA,25,0,184,270,0,0,0,0,0,0,0,0,0,0,1,42,155,74,12,11,90,95,99,0,0,5,14,0,0,0,,011X057X,057X067X,011X041X057X,011X041X057X,057X067X,067X,067X,067X,067X,067X,067X,067X,067X,067X,011X,011X041X,011X041X,011X,011X,011X057X,011X041X,011X041X,011X,057X067X,067X,011X057X067X,011X067X,067X,067X,067X,
1002E,2021,7,SEÑORIO DE BERTIZ,146,NAVARRA,0,0,4,0,4,44,10,17,10,0,10,138,101,22,1,0,0,0,0,0,0,0,0,0,0,3,0,0,0,9,120,067X,,011X,,011X,011X,011X057X,011X,011X,,011X,011X,011X,011X067X,011X067X,067X,067X,067X,057X067X,057X067X,057X067X,057X067X,067X,067X,057X067X,011X067X,067X,067X,057X067X,011X057X,011X
1002E,2021,8,SEÑORIO DE BERTIZ,146,NAVARRA,0,0,100,14,5,10,0,0,0,0,0,0,0,0,3,32,12,5,0,0,0,0,0,0,0,0,0,0,0,0,3,057X,057X,011X,011X,011X,011X,067X,067X,057X067X,067X,067X,067X,067X,067X,011X,011X,011X,011X067X,067X,067X,057X067X,067X,057X067X,067X,057X067X,057X,057X067X,057X067X,057X067X,057X067X,011X041X
1002E,2021,9,SEÑORIO DE BERTIZ,146,NAVARRA,95,140,0,0,0,0,0,52,141,0,0,0,6,5,158,111,43,61,69,213,10,0,0,8,32,0,12,15,20,0,,011X041X,011X041X057X,057X,057X,067X,067X,067X,011X067X,011X067X,067X,057X,067X,011X057X,011X,011X041X,011X057X,011X041X,011X,011X,011X,011X,057X,057X067X,011X,011X057X,067X,011X057X,011X057X067X,011X057X,057X067X,
1002E,2021,10,SEÑORIO DE BERTIZ,146,NAVARRA,0,0,24,9,94,0,0,0,0,0,0,0,0,0,0,0,0,0,0,6,25,10,0,0,15,0,0,7,11,33,108,057X067X,,011X,011X,011X,,057X067X,067X,067X,067X,067X,067X,067X,067X,067X,067X,057X067X,,,011X,011X,011X,057X,057X067X,011X,067X,057X,011X,011X,011X,011X
1002E,2021,11,SEÑORIO DE BERTIZ,146,NAVARRA,4,170,226,222,14,0,140,0,0,0,0,0,9,141,3,4,0,0,0,0,53,0,122,435,340,276,431,551,79,0,,011X,011X,011X057X,011X,011X057X,067X,011X,067X,067X,067X,057X,057X067X,011X,011X057X,011X057X,011X057X,057X,057X067X,067X,067X,011X,057X,011X057X,011X,011X,011X,011X021X,011X031X057X,011X057X,057X,
1002E,2021,12,SEÑORIO DE BERTIZ,146,NAVARRA,320,220,27,363,223,186,205,282,1160,537,132,0,0,0,0,0,0,0,0,0,0,0,0,0,0,200,55,0,0,0,0,011X057X,011X,011X,011X,011X,011X,011X,011X,011X,011X,011X,067X,057X067X,057X067X,077X,077X,077X,077X,,077X,067X,067X,067X,067X,067X,011X031X041X,011X067X,067X,057X067X,067X,067X
1002E,2022,1,SEÑORIO DE BERTIZ,146,NAVARRA,0,0,0,271,45,25,130,211,796,228,0,0,0,0,0,0,0,0,18,65,0,0,0,0,0,0,0,0,0,11,100,057X067X,057X067X,067X,011X,011X057X,011X,011X,011X,011X,011X,057X067X,057X077X,077X,077X,077X,077X,077X,077X,011X,011X,077X,077X,077X,077X,077X,077X,067X,057X067X,057X067X,011X,011X
1002E,2022,2,SEÑORIO DE BERTIZ,146,NAVARRA,7,0,0,56,0,9,0,0,0,1,0,0,32,159,3,40,0,15,31,11,11,0,0,14,0,0,0,0,,,,011X057X,067X,067X,011X,077X,011X057X,057X,067X,067X,011X,067X,,011X,011X,011X,011X,067X,011X,011X,011X,011X057X,057X067X,057X067X,011X,077X,067X,067X,067X,,,
1002E,2022,3,SEÑORIO DE BERTIZ,146,NAVARRA,1,60,170,120,13,0,17,8,9,2,282,75,0,27,0,164,78,0,0,0,0,0,0,9,0,0,0,0,11,156,253,011X057X,011X057X,011X,011X,011X,067X,011X,011X057X,011X,011X,011X057X,011X,067X,011X,067X,011X,011X,067X,067X,,,,067X,011X,067X,067X,,,011X,011X,011X
1002E,2022,4,SEÑORIO DE BERTIZ,146,NAVARRA,267,44,0,0,0,0,0,63,18,0,38,0,6,1,0,0,0,88,250,479,31,0,152,40,0,0,52,26,0,0,,011X021X,011X,077X,057X077X,,067X,067X,011X,011X067X,,011X,067X,011X,011X067X,057X067X,057X067X,067X,011X,011X,011X,011X,067X,011X,011X,067X,067X,011X,011X,067X,067X,
1002E,2022,5,SEÑORIO DE BERTIZ,146,NAVARRA,0,10,0,0,0,0,0,0,0,0,10,1,0,0,0,0,0,27,0,0,0,0,9,54,18,0,0,0,3,0,0,067X,011X,067X,057X,067X,067X,057X067X,057X067X,067X,067X,011X,011X057X,057X067X,067X,067X,067X,067X,011X,,067X,067X,,011X,011X,011X057X,,067X,067X,011X057X,057X,
1002E,2022,6,SEÑORIO DE BERTIZ,146,NAVARRA,0,103,0,0,0,0,0,13,0,0,0,18,0,0,0,0,0,0,2,0,25,120,70,0,72,14,22,0,10,9,,067X,011X041X067X,,041X,067X,,067X,011X057X,067X,067X,057X067X,011X041X057X067X,067X,067X,067X,067X,067X,,011X,067X,011X,011X067X,011X067X,067X,011X067X,011X,011X067X,067X,011X067X,011X067X,
1002E,2022,7,SEÑORIO DE BERTIZ,146,NAVARRA,0,0,16,0,0,37,0,0,0,0,0,0,0,0,0,0,0,0,0,0,0,0,0,0,0,0,0,0,0,0,0,067X,067X,011X,067X,067X,011X,067X,067X,067X,067X,067X,067X,067X,067X,067X,067X,067X,067X,067X,067X,067X,067X,057X067X,,,067X,,,,,067X
1002E,2022,8,SEÑORIO DE BERTIZ,146,NAVARRA,0,0,4,6,64,0,0,0,0,0,0,0,6,0,0,0,872,263,0,0,0,21,0,0,27,0,0,0,0,17,0,057X,067X,011X041X067X,057X067X,011X057X067X,,,,,067X,,057X,011X041X,,,,011X,011X,067X,067X,067X,011X067X,067X,067X,011X067X,067X,067X,067X,,011X057X,
1002E,2022,9,SEÑORIO DE BERTIZ,146,NAVARRA,0,0,0,0,0,0,0,10,0,0,0,10,0,0,55,0,0,0,0,0,0,0,49,78,2,41,164,186,295,22,,067X,067X,067X,067X,067X,067X,067X,011X057X,067X,067X,067X,011X057X,067X,067X,011X,067X,067X,067X,067X,067X,067X,067X,011X,011X,011X,011X,011X,011X,011X,011X,
1002E,2022,10,SEÑORIO DE BERTIZ,146,NAVARRA,0,0,0,0,0,0,10,0,0,4,6,0,0,12,0,10,0,0,0,0,0,28,0,0,0,0,0,0,0,40,84,057X,057X,057X,067X,067X,067X,011X,067X,067X,011X067X,011X,067X,067X,011X,067X,011X,067X,067X,067X,067X,067X,011X067X,067X,067X,067X,067X,067X,067X,067X,011X,011X
1002E,2022,11,SEÑORIO DE BERTIZ,146,NAVARRA,0,1,131,134,0,0,0,2,3,0,0,0,0,29,83,12,57,290,320,119,352,232,23,135,130,0,64,242,,0,,067X,011X067X,011X,011X,067X,067X,,011X,011X057X067X,067X,067X,067X,067X,011X,011X067X,011X,011X,011X,011X,011X,011X067X,011X,011X067X,011X,011X067X,067X,011X,011X,,,
1002E,2022,12,SEÑORIO DE BERTIZ,146,NAVARRA,0,26,12,0,7,0,2,31,15,0,0,113,16,1,120,1,0,0,0,16,0,0,0,0,0,0,0,0,105,0,0,067X,011X,011X,057X077X,011X,057X067X,011X,011X,011X,077X,077X,011X,011X,011X,011X,011X,077X,,,011X,067X,,067X,,067X,,067X,,011X,,
1002E,2023,1,SEÑORIO DE BERTIZ,146,NAVARRA,4,17,0,0,0,0,30,183,57,14,34,4,2,50,170,543,342,320,230,0,17,0,0,0,61,30,6,0,0,0,0,011X,011X057X,057X067X,067X,057X067X,067X,011X,011X,011X057X,011X,011X,011X,011X,011X,011X,011X,011X021X,021X031X041X,011X,057X,011X,057X,057X,057X,011X,011X,011X,057X,057X,057X,057X
1002E,2023,2,SEÑORIO DE BERTIZ,146,NAVARRA,0,0,0,0,0,0,0,0,0,0,0,0,0,0,0,0,0,0,0,0,10,157,240,10,0,0,0,0,,,,067X,067X,077X,077X,077X,057X,,077X,057X,057X,077X,077X,077X,077X,067X,067X,077X,077X,077X,057X,011X057X067X,011X,011X,011X,077X,077X,,,,,
1002E,2023,3,SEÑORIO DE BERTIZ,146,NAVARRA,0,9,9,0,0,0,15,30,27,0,238,3,33,13,0,0,12,238,5,0,0,0,0,0,30,30,10,0,0,0,13,077X,011X,011X057X077X,057X,057X,067X,011X,011X,011X,067X,011X,011X,011X,011X,,,011X,011X,011X057X067X,067X,067X,,067X,067X,011X,011X,011X,067X,067X,,011X
1002E,2023,4,SEÑORIO DE BERTIZ,146,NAVARRA,418,95,6,0,0,0,0,0,0,0,0,161,121,59,55,0,0,0,0,0,59,98,16,14,50,3,0,0,19,2,,011X031X,011X,011X057X067X,057X067X,067X,067X,067X,067X,067X,067X,067X,011X,011X,011X,011X057X,067X,067X,067X,067X,067X,011X,011X,011X067X,011X,011X067X,011X067X,067X,067X,011X,011X,
1002E,2023,5,SEÑORIO DE BERTIZ,146,NAVARRA,0,0,0,0,0,3,0,0,60,61,286,363,430,292,264,11,0,0,44,0,0,22,6,1,2,0,0,5,0,4,0,067X,067X,067X,067X,,011X,,,011X,011X057X,011X,011X,011X,011X,011X,011X,,067X,011X041X067X,067X,057X067X,011X057X,011X,011X,011X,,,011X,,011X,
1002E,2023,6,SEÑORIO DE BERTIZ,146,NAVARRA,0,0,10,8,96,11,0,0,0,0,140,0,634,5,0,0,71,28,23,169,56,7,0,0,0,0,1,0,81,0,,067X,067X,011X,011X057X067X,011X057X067X,011X067X,067X,067X,067X,,011X067X,057X067X,011X,011X067X,067X,067X,011X067X,011X,011X067X,011X,011X,011X,067X,067X,067X,067X,011X067X,067X,011X057X,067X,
1002E,2023,7,SEÑORIO DE BERTIZ,146,NAVARRA,0,7,0,0,0,346,9,0,0,0,0,0,0,0,1,0,0,3,1,21,3,0,0,16,51,0,70,0,15,0,0,057X,011X067X,067X,067X,067X,011X031X067X,011X067X,067X,067X,067X,067X,,067X,067X,011X057X067X,067X,067X,011X067X,011X,011X067X,011X067X,067X,067X,011X,011X,067X,011X041X067X,057X067X,011X,067X,057X067X
1002E,2023,8,SEÑORIO DE BERTIZ,146,NAVARRA,0,30,158,270,40,0,0,0,6,0,0,4,0,0,53,0,0,0,0,0,0,0,0,0,0,32,426,449,55,41,0,057X067X,011X,011X,011X,011X,067X,067X,067X,011X041X,057X067X,067X,011X057X,067X,067X,011X,067X,067X,067X,067X,067X,067X,067X,067X,067X,067X,011X,011X,011X,011X,011X,057X067X
1002E,2023,9,SEÑORIO DE BERTIZ,146,NAVARRA,145,471,2,0,0,0,0,0,16,100,38,94,6,0,14,19,0,0,0,0,138,23,0,4,0,0,0,0,0,0,,011X,011X,011X067X,067X,067X,067X,067X,067X,011X041X,011X041X,011X041X,011X041X,011X,067X,011X067X,011X041X,067X,067X,067X,067X,011X067X,011X,067X,011X067X,067X,067X,,067X,057X067X,067X,
1002E,2023,10,SEÑORIO DE BERTIZ,146,NAVARRA,0,0,0,0,0,0,0,0,0,0,0,0,15,34,10,0,0,0,43,46,0,151,112,0,131,232,0,0,168,0,0,067X,067X,067X,067X,067X,067X,067X,067X,057X067X,057X067X,067X,067X,011X,011X,011X,067X,,067X,011X,011X067X,067X,011X,011X,067X,011X,011X057X067X,067X,,011X,067X,
1002E,2023,11,SEÑORIO DE BERTIZ,146,NAVARRA,380,82,68,15,9,4,15,101,11,55,84,2,0,26,3,41,0,0,0,230,595,0,7,18,0,0,173,61,108,212,,011X,011X,011X,011X067X,011X067X,011X067X,011X067X,011X,011X,011X,011X,011X067X,067X,011X,011X067X,011X,067X,057X067X,067X,011X,011X,067X,011X,011X067X,067X,067X,011X,011X067X,011X,011X,
1002E,2023,12,SEÑORIO DE BERTIZ,146,NAVARRA,236,10,0,100,0,0,84,32,9,1,0,137,487,204,20,0,0,0,190,110,71,65,27,0,0,0,0,10,10,11,39,011X,011X067X,067X,011X,067X,067X,011X,011X067X,011X,011X067X,067X,011X,011X,011X,011X067X,067X,077X,067X,011X,011X,011X,011X,011X,067X,067X,067X,,011X,011X,011X,011X067X
1002E,2024,1,SEÑORIO DE BERTIZ,146,NAVARRA,0,0,2,84,642,332,0,0,4,44,0,0,0,31,81,11,0,59,0,0,0,4,0,0,0,0,0,0,0,0,0,067X,067X,011X,011X,011X031X,011X,067X,067X,011X,011X,067X,077X,067X,011X,011X057X,011X,,011X057X,077X,067X,067X,011X,067X,067X,067X,067X,067X,067X,,067X,057X067X
1002E,2024,2,SEÑORIO DE BERTIZ,146,NAVARRA,7,4,0,0,0,0,32,13,145,47,3,40,0,0,220,52,0,31,2,0,0,113,100,149,92,881,392,40,180,,,011X,011X,067X,067X,067X,067X,011X,011X,011X,011X,011X,011X067X,067X,067X,011X,011X,057X,011X,011X067X,067X,,011X,011X,011X,011X,011X,011X,011X,011X,,
1002E,2024,3,SEÑORIO DE BERTIZ,146,NAVARRA,77,331,85,64,0,0,27,85,15,202,72,0,0,0,0,0,0,0,0,0,0,1,3,0,261,21,2,94,221,17,51,011X,011X,011X,011X,067X,067X,011X,011X,011X,011X,011X,067X,067X,067X,067X,067X,067X,067X,067X,,057X067X,011X,011X,067X,011X,011X067X,011X,011X,011X,011X,011X
1002E,2024,4,SEÑORIO DE BERTIZ,146,NAVARRA,29,0,0,0,0,0,0,208,55,0,0,0,0,0,14,94,25,10,0,0,0,25,37,25,3,18,109,0,3,115,,011X,,,,,,,011X041X,011X057X,057X,057X,067X,067X,067X,011X,011X,011X,011X057X,067X,067X,067X,011X,011X,011X,011X067X,011X,011X057X067X,067X,011X,011X,
1002E,2024,5,SEÑORIO DE BERTIZ,146,NAVARRA,146,23,6,2,225,39,50,0,0,0,22,0,368,51,53,1,49,41,110,14,10,94,0,0,0,18,5,1,2,11,0,011X,011X067X,011X,011X067X,011X057X,011X,011X,057X067X,067X,067X,011X,067X,011X,011X,011X,011X,011X,011X,011X,011X,011X067X,011X,057X,057X,,011X,011X057X067X,011X057X067X,011X,011X,
1002E,2024,6,SEÑORIO DE BERTIZ,146,NAVARRA,68,1,0,0,0,0,4,67,33,3,49,1,0,88,0,0,0,6,8,292,22,22,14,0,0,0,0,190,25,0,,011X057X067X,011X067X,067X,067X,067X,067X,011X067X,011X,011X,011X057X,011X,011X067X,067X,011X041X,067X,067X,067X,011X067X,011X,011X,011X,011X,011X067X,057X067X,067X,067X,067X,011X,011X,,
1002E,2024,7,SEÑORIO DE BERTIZ,146,NAVARRA,70,21,0,0,38,27,0,0,10,0,21,25,0,0,35,0,0,0,0,81,0,0,0,0,0,0,0,0,0,0,0,011X,011X,067X,067X,011X041X,011X067X,067X,067X,011X,067X,011X,011X,067X,,011X067X,067X,067X,067X,067X,011X041X067X,,067X,067X,067X,067X,067X,067X,067X,067X,067X,067X
1002E,2024,8,SEÑORIO DE BERTIZ,146,NAVARRA,0,8,0,0,0,1,0,0,0,0,0,1,233,48,0,0,54,5,0,19,0,0,0,27,0,0,0,0,52,0,0,,011X067X,067X,067X,067X,011X067X,067X,067X,057X067X,067X,067X,011X041X,011X041X,011X,,067X,011X,011X067X,,011X067X,067X,057X067X,067X,011X,067X,067X,067X,067X,011X,067X,067X
1002E,2024,9,SEÑORIO DE BERTIZ,146,NAVARRA,0,54,31,218,579,84,0,21,30,5,143,142,20,0,0,0,0,0,0,31,388,0,0,13,33,243,169,4,0,0,,067X,011X057X067X,011X,011X,011X,011X,067X,011X,011X,011X,011X,011X,011X057X067X,057X067X,057X067X,057X067X,067X,067X,067X,011X,011X041X,067X,,011X067X,011X,011X,011X067X,011X067X,067X,067X,
1002E,2024,10,SEÑORIO DE BERTIZ,146,NAVARRA,228,326,23,0,8,23,6,0,193,0,0,0,0,0,2,675,650,65,0,0,0,6,0,120,434,192,0,0,1,1,0,011X,011X,011X,067X,011X,011X,011X067X,,011X,057X067X,,067X,067X,067X,011X,011X,011X,011X,067X,067X,067X,011X,067X,011X,011X,011X057X,067X,057X067X,011X067X,011X067X,067X
1002E,2024,11,SEÑORIO DE BERTIZ,146,NAVARRA,0,0,0,11,0,0,0,114,19,5,0,0,0,0,0,0,0,0,20,213,218,89,0,0,88,0,0,0,0,0,,067X,067X,067X,011X067X,067X,067X,067X,011X,011X,011X,,067X,067X,067X,067X,057X067X,067X,067X,011X,011X,011X,011X,067X,067X,011X057X067X,057X,057X067X,067X,057X067X,,
1002E,2024,12,SEÑORIO DE BERTIZ,146,NAVARRA,3,48,42,0,11,42,470,779,40,0,0,0,33,350,0,0,0,0,144,42,10,194,110,126,0,0,0,0,0,0,0,011X067X,011X067X,011X,067X,011X,011X,011X031X041X,011X031X041X,011X,067X,077X,077X,011X077X,011X,057X067X,067X,067X,067X,011X,011X,011X,011X,011X,011X057X,067X,,067X,057X067X,057X077X,077X,077X
