INDICATIVO,AÑO,MES,NOMBRE,ALTITUD,NOM_PROV,TMAX1,TMAX2,TMAX3,TMAX4,TMAX5,TMAX6,TMAX7,TMAX8,TMAX9,TMAX10,TMAX11,TMAX12,TMAX13,TMAX14,TMAX15,TMAX16,TMAX17,TMAX18,TMAX19,TMAX20,TMAX21,TMAX22,TMAX23,TMAX24,TMAX25,TMAX26,TMAX27,TMAX28,TMAX29,TMAX30,TMAX31,TMIN1,TMIN2,TMIN3,TMIN4,TMIN5,TMIN6,TMIN7,TMIN8,TMIN9,TMIN10,TMIN11,TMIN12,TMIN13,TMIN14,TMIN15,TMIN16,TMIN17,TMIN18,TMIN19,TMIN20,TMIN21,TMIN22,TMIN23,TMIN24,TMIN25,TMIN26,TMIN27,TMIN28,TMIN29,TMIN30,TMIN31
1002E,1992,1,SEÑORIO DE BERTIZ,146,NAVARRA,105,120,115,105,90,105,140,170,130,75,85,115,120,120,100,85,65,55,65,50,70,40,25,55,100,80,45,100,110,155,145,-45,-5,-20,-35,-50,-40,-15,45,95,45,40,5,15,-15,-40,-35,-20,20,25,20,25,25,-30,-15,5,-5,-20,-25,-50,-45,-35
1002E,1992,2,SEÑORIO DE BERTIZ,146,NAVARRA,125,155,130,130,105,105,130,135,130,170,170,185,100,150,180,105,100,80,95,105,85,130,180,150,125,120,165,180,170,,,-25,-25,-55,-50,45,60,25,-10,55,35,35,65,55,40,30,15,30,-15,-15,-35,-30,-40,-40,-15,40,25,-5,5,25,,
1002E,1992,3,SEÑORIO DE BERTIZ,146,NAVARRA,170,155,175,170,155,145,185,115,150,185,115,130,135,125,115,140,200,120,170,240,135,190,125,60,100,90,75,80,145,140,130,40,40,-5,5,50,90,25,35,20,15,60,5,5,55,90,80,30,35,60,35,50,35,80,35,25,35,20,20,30,45,-5
1002E,1992,4,SEÑORIO DE BERTIZ,146,NAVARRA,110,180,180,115,110,155,110,110,165,155,175,155,175,235,135,110,110,125,175,245,195,240,220,285,255,275,225,145,120,155,,20,50,80,35,80,55,65,60,55,25,10,20,50,25,70,40,45,65,90,60,50,95,50,55,65,70,75,115,65,65,
1002E,1992,5,SEÑORIO DE BERTIZ,146,NAVARRA,160,125,145,170,140,175,180,165,230,240,180,285,315,300,310,315,310,300,215,270,275,270,245,235,265,270,285,210,240,245,240,90,80,60,70,95,85,85,70,75,100,125,35,95,135,90,100,95,105,145,150,110,115,130,110,100,100,130,150,125,125,135
1002E,1992,6,SEÑORIO DE BERTIZ,146,NAVARRA,180,205,175,120,180,200,160,220,135,145,160,165,190,240,240,220,195,215,200,200,230,180,140,140,200,225,275,290,290,260,,125,130,100,105,85,65,60,105,110,85,75,70,105,105,145,155,150,165,110,100,65,130,130,130,90,90,105,130,165,165,
1002E,1992,7,SEÑORIO DE BERTIZ,146,NAVARRA,210,255,280,185,185,175,225,220,255,200,265,210,270,300,275,220,260,300,330,325,200,240,325,210,245,330,300,310,340,320,330,140,150,110,150,135,130,135,140,145,150,125,135,140,145,160,190,175,150,170,180,180,150,135,175,170,160,175,200,190,185,170
1002E,1992,8,SEÑORIO DE BERTIZ,146,NAVARRA,330,340,265,235,315,276,310,330,215,245,195,240,230,225,245,300,305,320,240,255,280,305,300,315,325,255,315,315,205,260,160,190,195,205,180,150,150,190,190,155,110,150,140,135,135,130,135,125,180,185,165,175,175,160,180,175,195,155,135,135,105,105
1002E,1992,9,SEÑORIO DE BERTIZ,146,NAVARRA,215,280,200,175,220,290,200,140,205,265,200,265,255,255,275,285,260,180,200,255,270,195,180,240,265,245,175,210,230,235,,95,80,110,125,100,95,120,135,115,80,130,125,150,165,130,125,140,145,145,165,155,100,105,90,90,140,115,100,90,85,
1002E,1993,1,SEÑORIO DE BERTIZ,146,NAVARRA,100,80,85,65,110,130,135,120,160,120,145,160,190,195,155,125,130,150,135,155,145,155,145,150,95,85,70,125,145,145,135,-20,0,30,-30,-15,-5,0,5,20,0,50,105,85,60,65,25,70,5,-25,-25,-35,-35,-35,-25,-20,45,15,35,-5,0,5
1002E,1993,2,SEÑORIO DE BERTIZ,146,NAVARRA,160,160,155,145,120,145,165,125,160,135,150,165,165,155,155,140,120,105,100,120,85,75,70,55,65,105,50,30,,,,-10,-5,-10,-10,-5,-5,-15,-5,-20,-20,-10,40,0,5,-15,0,15,65,40,45,-20,-15,-25,-45,-90,-70,-45,10,,,
1002E,1993,3,SEÑORIO DE BERTIZ,146,NAVARRA,20,15,45,95,100,130,140,120,155,165,160,170,180,205,205,215,245,255,205,220,195,195,140,110,120,130,190,145,180,235,245,-10,0,0,15,-5,-30,-40,0,0,35,40,85,100,40,85,35,25,25,55,55,50,85,80,80,15,-5,-30,-5,30,15,30
1002E,1993,4,SEÑORIO DE BERTIZ,146,NAVARRA,110,100,140,145,210,160,215,260,190,200,150,175,165,115,115,145,160,210,255,265,230,210,220,180,105,170,175,125,195,185,,65,25,50,80,20,100,110,60,75,50,50,55,30,50,60,70,40,35,40,60,100,80,70,35,75,60,85,75,50,75,
1002E,1993,5,SEÑORIO DE BERTIZ,146,NAVARRA,135,130,165,225,240,240,210,185,255,170,230,230,195,210,190,255,270,195,155,130,220,245,280,240,240,250,235,220,285,230,270,85,100,80,60,80,75,85,60,55,115,95,95,120,90,120,60,125,130,105,75,45,60,130,150,155,140,120,115,90,140,70
1002E,1993,6,SEÑORIO DE BERTIZ,146,NAVARRA,300,160,235,270,225,245,255,285,285,185,170,175,190,240,195,265,250,325,255,300,310,240,220,240,275,260,290,325,220,205,,115,115,100,70,85,140,160,165,160,150,100,100,110,115,115,135,160,135,160,165,155,150,140,140,140,150,120,150,130,160,
1002E,1993,7,SEÑORIO DE BERTIZ,146,NAVARRA,205,165,195,275,235,205,230,290,300,175,200,230,260,295,330,280,250,230,195,200,190,210,260,330,210,220,285,345,325,220,235,145,145,140,150,190,165,100,110,135,140,145,115,90,155,155,160,175,200,130,130,125,105,150,130,175,110,105,180,210,100,135
1002E,1993,8,SEÑORIO DE BERTIZ,146,NAVARRA,260,235,230,310,265,310,255,235,225,220,275,230,305,270,230,310,330,335,330,335,350,305,235,190,250,220,165,195,215,270,270,100,155,145,175,195,180,155,165,135,125,175,140,170,180,175,140,145,155,155,150,155,150,175,135,145,160,120,125,85,75,95
1002E,1993,9,SEÑORIO DE BERTIZ,146,NAVARRA,250,270,275,235,245,235,250,265,250,225,255,280,185,205,250,220,190,240,280,280,200,150,145,155,145,155,160,170,180,190,,110,125,145,135,135,115,140,140,130,130,140,130,120,70,120,120,150,145,150,155,145,130,120,130,110,95,85,90,55,95,
1002E,1993,10,SEÑORIO DE BERTIZ,146,NAVARRA,190,150,155,225,220,200,195,185,185,240,230,200,195,190,195,195,205,170,205,165,130,85,60,85,85,145,155,150,190,180,195,95,80,100,100,135,100,95,75,50,110,135,90,120,100,55,85,130,125,120,110,80,10,30,50,40,40,45,55,100,50,55
1002E,1993,11,SEÑORIO DE BERTIZ,146,NAVARRA,205,220,205,210,160,115,125,140,155,140,125,150,165,120,120,120,150,150,140,105,110,125,135,140,125,115,90,110,190,100,,95,95,95,75,75,85,95,85,30,10,80,60,20,55,20,-20,-40,-30,-20,-10,10,-20,-10,-15,15,35,25,15,50,60,
1002E,1993,12,SEÑORIO DE BERTIZ,146,NAVARRA,105,125,165,160,120,125,130,160,135,150,120,140,140,85,105,100,130,145,140,175,95,110,115,100,105,55,75,100,100,150,165,50,55,80,20,45,40,60,65,50,75,90,30,10,20,10,15,70,5,10,40,55,20,30,70,65,55,35,45,40,50,65
1002E,1994,1,SEÑORIO DE BERTIZ,146,NAVARRA,110,140,180,115,110,85,60,85,140,120,115,180,160,90,100,65,60,55,45,45,105,100,60,85,110,115,100,105,130,175,150,60,65,70,45,20,80,15,5,20,50,35,40,35,35,10,15,15,-35,-60,-65,-35,-25,-20,-15,50,70,15,15,25,-15,-10
1002E,1994,2,SEÑORIO DE BERTIZ,146,NAVARRA,155,125,120,45,30,70,80,75,120,105,165,105,100,115,145,155,170,100,145,115,145,175,145,170,205,255,185,165,,,,-15,-10,30,25,5,5,-10,10,5,55,60,50,15,-15,15,25,-15,-5,25,35,-10,15,25,35,45,100,100,60,,,
1002E,1994,3,SEÑORIO DE BERTIZ,146,NAVARRA,125,110,155,215,205,110,150,215,245,125,210,120,110,125,140,125,120,205,125,180,170,160,240,245,270,135,215,225,260,240,225,80,15,15,105,70,95,60,20,20,55,60,80,60,75,85,80,80,60,35,70,40,40,25,35,35,75,50,50,85,90,130
1002E,1994,4,SEÑORIO DE BERTIZ,146,NAVARRA,145,75,95,120,105,115,120,120,90,125,115,145,90,80,110,100,75,80,100,155,200,210,210,125,160,215,250,270,295,270,,120,50,25,35,60,70,75,60,65,50,25,60,30,40,10,0,20,50,65,40,30,40,90,80,30,65,70,85,80,85,
1002E,1994,5,SEÑORIO DE BERTIZ,146,NAVARRA,290,295,260,140,190,280,145,170,160,255,170,225,235,220,295,215,215,145,190,215,225,250,255,170,270,205,250,270,245,275,320,100,100,120,105,70,55,90,85,95,90,105,45,80,85,110,120,90,65,75,105,145,100,115,125,80,75,75,105,135,125,135
1002E,1994,6,SEÑORIO DE BERTIZ,146,NAVARRA,250,245,235,230,185,220,305,200,185,210,185,190,220,240,255,280,310,250,200,250,235,280,340,335,165,175,280,320,255,315,,150,145,100,90,130,115,100,140,115,55,90,65,85,90,90,110,130,150,140,110,155,105,135,145,130,115,110,130,125,115,
1002E,1994,7,SEÑORIO DE BERTIZ,146,NAVARRA,220,295,310,280,205,235,235,235,265,310,305,245,215,265,310,300,275,215,240,245,290,300,300,310,225,325,320,250,325,340,270,185,105,120,195,175,160,125,120,150,120,130,195,175,175,175,175,155,160,165,140,150,150,175,165,180,190,180,200,190,185,180
1002E,1994,8,SEÑORIO DE BERTIZ,146,NAVARRA,275,350,380,370,270,345,280,290,330,270,275,265,215,245,305,280,230,240,290,295,385,310,260,190,220,230,270,215,235,230,250,170,145,170,195,205,210,215,205,165,155,125,115,160,165,170,165,180,135,145,160,165,190,200,165,150,165,160,175,175,185,165
1002E,1994,9,SEÑORIO DE BERTIZ,146,NAVARRA,190,220,270,245,265,340,265,210,260,280,325,250,240,220,185,175,145,170,210,195,175,195,160,240,230,225,185,200,185,220,,135,135,115,125,145,110,145,135,95,120,140,150,130,85,105,100,85,90,55,160,120,120,125,120,190,120,130,120,120,135,
1002E,1994,10,SEÑORIO DE BERTIZ,146,NAVARRA,200,215,170,180,160,190,225,225,205,245,260,265,260,235,175,165,185,205,180,200,185,190,205,195,190,145,120,140,185,215,225,145,140,130,135,90,45,45,75,85,75,120,135,140,120,130,150,140,115,125,95,85,100,105,80,75,100,40,60,85,70,80
1002E,1994,11,SEÑORIO DE BERTIZ,146,NAVARRA,200,200,220,125,110,155,170,195,200,140,175,140,165,180,195,150,130,175,195,215,210,135,160,170,145,180,115,135,175,180,,75,95,130,110,85,50,60,70,95,100,115,75,100,35,30,45,50,100,120,60,70,55,45,25,90,95,70,75,55,90,
1002E,1994,12,SEÑORIO DE BERTIZ,146,NAVARRA,160,185,185,190,185,180,115,130,155,160,175,155,105,105,100,145,125,95,90,100,115,60,30,30,55,95,130,140,140,145,100,50,55,125,100,105,70,90,15,50,100,100,50,40,45,40,65,15,15,20,40,60,45,0,0,15,25,0,-15,-5,95,85
1002E,1995,1,SEÑORIO DE BERTIZ,146,NAVARRA,65,85,75,45,95,95,90,95,85,95,115,60,65,80,95,130,140,100,130,120,125,155,165,155,195,190,145,155,120,115,165,45,5,5,-35,-30,0,5,-20,0,50,65,60,-10,-40,-60,-55,-30,45,-5,10,-5,5,115,80,40,40,30,30,20,85,20
1002E,1995,2,SEÑORIO DE BERTIZ,146,NAVARRA,175,140,160,165,180,140,175,180,170,90,125,160,180,135,195,180,160,120,165,205,125,115,105,140,160,65,90,125,,,,5,15,20,-15,-5,35,-5,0,70,50,10,10,35,75,70,90,115,40,-5,5,30,10,-30,0,95,45,0,-20,,,
1002E,1995,3,SEÑORIO DE BERTIZ,146,NAVARRA,140,130,85,80,120,90,140,85,170,195,170,165,135,145,145,125,185,180,225,140,165,220,205,215,130,170,185,140,130,135,160,-25,5,60,15,35,55,25,45,0,15,100,85,50,75,80,50,20,50,10,50,-15,-5,55,10,65,40,70,30,70,0,-25
1002E,1995,4,SEÑORIO DE BERTIZ,146,NAVARRA,185,250,265,205,190,165,180,195,200,240,260,225,180,155,165,155,125,190,135,145,110,150,150,120,105,155,205,200,175,235,,-5,15,50,55,110,105,90,115,60,20,30,35,40,20,5,70,85,25,55,25,40,30,35,55,60,40,20,70,75,60,
1002E,1995,5,SEÑORIO DE BERTIZ,146,NAVARRA,280,265,245,275,285,280,295,285,235,195,180,145,125,195,210,185,205,205,170,180,225,270,280,260,170,255,285,305,190,175,155,55,50,115,80,90,120,100,95,100,130,110,90,55,20,45,110,115,125,110,60,40,70,145,130,130,75,95,115,140,110,105
1002E,1995,6,SEÑORIO DE BERTIZ,146,NAVARRA,185,185,195,205,205,225,235,180,210,200,170,190,210,200,215,245,270,270,330,280,205,260,245,245,270,270,275,285,295,335,,90,110,105,85,100,80,90,85,105,110,105,115,95,105,95,65,80,120,85,160,175,160,165,80,110,120,130,145,150,185,
1002E,1995,7,SEÑORIO DE BERTIZ,146,NAVARRA,285,250,230,205,225,260,295,310,320,280,280,330,300,295,290,255,275,295,365,365,295,210,245,340,400,260,255,315,330,290,290,170,175,135,135,130,130,125,160,165,175,170,145,195,145,130,190,160,185,180,200,200,190,170,130,160,150,140,135,110,210,185
1002E,1995,8,SEÑORIO DE BERTIZ,146,NAVARRA,280,305,240,300,290,255,215,240,300,335,295,250,255,265,265,295,320,260,275,265,275,280,260,235,245,235,250,220,245,255,245,205,195,200,200,195,185,140,160,155,170,165,205,190,185,145,130,125,145,145,145,155,160,160,140,125,150,160,165,70,90,90
1002E,1995,9,SEÑORIO DE BERTIZ,146,NAVARRA,255,275,255,200,235,285,285,230,295,300,180,175,165,220,210,230,170,205,210,195,205,190,205,225,150,195,225,185,195,160,,60,95,85,130,140,125,165,145,90,120,145,140,100,105,115,115,125,115,120,125,120,110,95,105,110,50,65,140,115,85,
1002E,1995,10,SEÑORIO DE BERTIZ,146,NAVARRA,245,280,275,265,185,250,265,270,280,285,260,245,255,210,205,240,265,235,175,175,165,205,245,235,220,255,255,275,210,220,220,110,150,135,130,135,85,95,90,115,90,130,105,100,110,120,85,75,75,105,145,95,60,100,120,165,145,130,100,115,75,50
1002E,1995,11,SEÑORIO DE BERTIZ,146,NAVARRA,255,175,160,150,165,200,205,185,205,205,220,180,160,190,180,190,160,95,145,175,210,125,150,160,190,130,145,150,165,180,,70,85,40,30,-10,-30,-15,-15,-5,30,155,100,30,10,25,145,75,70,55,40,70,95,100,40,45,70,-10,-5,10,35,
1002E,1995,12,SEÑORIO DE BERTIZ,146,NAVARRA,165,130,135,95,50,85,70,110,125,135,155,125,50,0,40,130,135,160,170,180,160,170,190,175,145,155,70,145,140,145,160,65,35,55,85,40,5,40,10,25,10,10,10,20,-40,-50,-20,-15,-10,5,10,35,25,120,105,55,105,-10,-5,25,80,80
1002E,1996,1,SEÑORIO DE BERTIZ,146,NAVARRA,185,135,155,175,130,145,150,165,145,125,140,150,130,150,165,170,160,175,150,150,165,145,145,90,95,135,150,170,145,145,160,55,80,30,20,110,15,80,40,105,80,35,35,20,70,70,40,20,70,30,40,95,110,80,75,55,0,35,40,30,35,50
1002E,1996,2,SEÑORIO DE BERTIZ,146,NAVARRA,100,140,125,95,115,110,120,120,140,130,75,125,120,50,45,80,110,180,70,35,10,40,70,150,165,65,115,155,110,,,50,75,15,25,10,15,45,50,0,5,45,45,60,30,5,0,5,10,15,-35,-25,-40,-25,10,20,65,10,-10,-15,,
1002E,1996,3,SEÑORIO DE BERTIZ,146,NAVARRA,115,65,95,115,105,120,130,155,175,170,130,185,170,80,130,95,85,185,165,190,210,250,265,250,240,200,150,140,180,155,195,-15,25,5,-5,5,-30,-40,0,55,30,-5,-40,-10,70,50,40,15,-15,10,60,25,25,60,100,80,85,50,90,60,50,30
1002E,1996,4,SEÑORIO DE BERTIZ,146,NAVARRA,180,100,105,140,190,210,145,150,215,210,230,235,215,130,170,220,120,215,230,225,240,240,190,190,175,220,205,185,150,160,,80,65,15,-30,-20,35,75,95,25,30,50,65,70,75,105,70,75,65,50,130,145,105,70,110,65,40,70,95,120,95,
1002E,1996,5,SEÑORIO DE BERTIZ,146,NAVARRA,185,175,175,240,270,200,205,195,195,160,125,155,160,195,270,260,240,220,195,200,170,250,290,290,260,235,215,230,280,340,185,70,55,75,55,75,115,140,105,125,105,90,55,35,35,60,90,95,115,60,70,65,40,60,105,110,150,135,130,100,100,150
1002E,1996,6,SEÑORIO DE BERTIZ,146,NAVARRA,150,170,175,250,315,330,320,190,305,215,300,210,265,275,325,325,315,310,250,255,190,200,190,215,200,205,260,280,210,240,,120,110,75,100,95,135,165,160,110,175,175,175,170,115,110,135,135,175,170,170,145,130,105,100,110,95,105,125,150,125,
1002E,1996,7,SEÑORIO DE BERTIZ,146,NAVARRA,220,205,275,260,220,210,175,205,215,205,230,240,250,300,310,320,335,300,300,280,325,365,280,285,285,220,195,235,245,245,260,95,135,120,170,175,145,135,95,100,110,135,145,170,140,155,135,175,170,115,120,115,175,200,195,195,165,175,160,155,170,135
1002E,1996,8,SEÑORIO DE BERTIZ,146,NAVARRA,255,205,235,300,235,215,200,260,315,265,215,220,230,255,275,300,310,310,270,220,205,280,190,230,245,215,195,190,205,210,215,140,170,160,140,170,170,175,160,175,185,160,160,130,120,145,145,155,150,185,175,165,140,145,125,125,160,165,120,125,120,110
1002E,1996,9,SEÑORIO DE BERTIZ,146,NAVARRA,220,215,220,270,250,250,250,235,205,230,220,205,185,220,240,280,170,165,175,200,180,175,195,165,200,230,205,220,215,275,,105,90,60,90,105,115,125,90,60,70,65,100,100,75,50,70,110,110,115,110,125,120,95,105,120,115,125,125,115,120,
1002E,1996,10,SEÑORIO DE BERTIZ,146,NAVARRA,160,160,190,190,155,105,150,155,170,190,210,225,220,155,145,150,200,225,215,225,240,245,265,215,195,215,225,240,150,160,200,115,110,110,80,80,70,65,40,60,95,110,65,110,135,110,105,80,75,120,60,70,95,80,85,105,100,80,75,120,75,20
1002E,1996,11,SEÑORIO DE BERTIZ,146,NAVARRA,175,185,195,210,130,160,185,165,235,165,175,140,105,95,90,105,80,100,140,140,155,130,110,120,130,140,140,95,140,150,,80,90,70,65,95,70,65,70,80,85,90,105,60,65,5,-25,30,-10,20,55,60,70,80,65,35,80,85,60,55,70,
1002E,1996,12,SEÑORIO DE BERTIZ,146,NAVARRA,130,130,135,105,50,95,95,120,110,85,135,165,170,115,115,130,160,150,150,160,185,175,160,130,85,70,50,40,20,70,35,115,110,45,80,50,20,45,65,85,40,10,55,80,95,55,15,50,100,60,30,90,115,65,80,80,10,-35,-30,-70,-65,-25
1002E,1997,1,SEÑORIO DE BERTIZ,146,NAVARRA,55,110,55,50,75,75,85,90,105,105,75,130,155,145,160,170,105,115,65,95,145,175,160,115,145,165,100,80,115,155,185,0,-20,-10,10,10,20,-20,-20,55,60,15,50,15,35,20,20,95,25,30,75,60,70,70,100,45,45,50,50,0,20,40
1002E,1997,2,SEÑORIO DE BERTIZ,146,NAVARRA,135,125,90,140,100,165,140,175,180,175,125,185,130,185,115,165,160,145,195,190,165,205,170,190,210,130,205,250,,,,50,60,70,-5,-5,50,25,-5,-20,-20,-15,85,40,55,80,-5,-5,50,25,35,45,30,65,80,115,65,20,20,,,
1002E,1997,3,SEÑORIO DE BERTIZ,146,NAVARRA,210,215,265,235,205,210,205,210,225,220,260,220,230,140,145,200,235,230,140,165,190,190,210,150,140,175,230,140,155,180,225,40,40,50,50,65,50,65,30,30,55,0,5,15,40,100,105,70,65,60,70,15,-5,5,10,45,65,45,40,10,-10,0
1002E,1997,4,SEÑORIO DE BERTIZ,146,NAVARRA,210,210,215,165,190,230,245,235,225,240,245,195,195,230,245,235,195,140,135,165,135,155,195,210,210,240,140,175,180,200,,25,10,25,70,20,15,35,90,85,50,35,30,25,5,25,20,30,40,70,110,10,0,0,10,75,75,100,120,135,80,
1002E,1997,5,SEÑORIO DE BERTIZ,146,NAVARRA,280,290,270,290,230,90,120,110,180,230,180,150,190,170,260,230,180,240,230,225,190,240,265,265,230,220,305,270,310,300,265,40,90,145,125,105,60,60,20,50,80,90,100,110,120,120,125,125,75,150,100,110,100,110,145,150,130,110,130,150,160,180
1002E,1997,6,SEÑORIO DE BERTIZ,146,NAVARRA,170,220,240,220,240,295,260,250,305,270,265,260,260,215,265,185,190,190,190,270,180,180,170,220,235,185,150,120,150,185,,155,110,130,140,150,150,190,120,110,180,150,150,170,160,150,160,110,110,130,120,160,120,120,115,110,140,110,100,110,90,
1002E,1997,7,SEÑORIO DE BERTIZ,146,NAVARRA,215,150,195,195,185,220,265,275,225,190,220,285,265,200,260,245,170,185,220,230,265,230,225,230,250,255,235,265,300,230,240,100,130,110,130,120,120,115,115,160,155,140,140,170,180,160,185,165,160,145,150,135,150,160,170,130,160,165,165,185,200,190
1002E,1997,8,SEÑORIO DE BERTIZ,146,NAVARRA,255,275,340,270,240,220,260,300,310,265,240,290,285,310,285,265,265,290,310,310,300,315,320,310,230,265,185,220,245,285,265,185,175,160,190,200,180,160,160,180,200,190,150,150,200,200,200,200,200,200,210,190,190,200,200,210,160,165,125,120,110,125
1002E,1997,9,SEÑORIO DE BERTIZ,146,NAVARRA,180,220,265,270,270,200,225,260,260,270,290,220,170,200,230,270,280,270,270,220,230,260,270,275,270,260,240,260,260,285,,175,140,120,110,120,160,160,140,130,150,140,150,165,120,90,100,130,130,130,140,160,160,160,140,160,120,130,120,130,120,
1002E,1997,10,SEÑORIO DE BERTIZ,146,NAVARRA,290,260,225,260,270,250,250,270,290,240,220,150,130,140,170,200,260,250,220,220,260,230,170,180,220,190,220,190,120,150,140,130,140,130,120,140,140,160,150,130,140,160,150,110,105,70,100,80,140,160,160,160,140,120,140,110,90,100,110,40,40,30
1002E,1997,11,SEÑORIO DE BERTIZ,146,NAVARRA,170,230,170,160,150,110,155,165,160,170,140,100,135,155,180,185,190,150,150,190,140,80,130,140,150,160,150,140,110,140,,60,40,70,120,90,100,60,80,75,80,70,70,40,55,100,90,65,70,70,60,40,60,50,60,80,100,70,80,50,60,
1002E,1997,12,SEÑORIO DE BERTIZ,146,NAVARRA,120,110,80,10,60,100,120,160,105,100,140,130,130,100,110,140,120,150,160,100,100,130,140,120,180,100,80,100,140,140,110,60,40,50,-10,0,0,-40,20,50,75,50,50,60,-10,-20,10,60,110,80,60,60,70,80,30,70,60,40,45,40,50,90
1002E,1998,1,SEÑORIO DE BERTIZ,146,NAVARRA,110,115,200,170,145,140,135,160,180,150,165,160,140,100,140,110,130,130,130,100,65,90,110,90,35,70,100,140,150,145,145,50,40,70,75,65,25,30,20,30,60,110,140,110,30,40,70,60,60,100,90,-20,-25,-40,-30,0,-40,-30,30,0,35,50
1002E,1998,2,SEÑORIO DE BERTIZ,146,NAVARRA,90,120,110,100,100,90,130,170,175,150,160,150,25,220,260,180,170,220,220,190,160,65,110,110,100,195,180,140,,,,0,20,70,80,40,-5,-10,-10,10,80,80,60,-10,10,35,20,70,20,60,65,110,60,55,30,50,30,35,40,,,
1002E,1998,3,SEÑORIO DE BERTIZ,146,NAVARRA,110,180,220,200,180,235,230,140,110,150,100,100,110,140,140,150,170,185,210,180,165,180,145,105,145,220,270,220,180,185,220,50,60,40,80,100,30,50,50,80,40,50,35,35,10,10,50,80,60,80,65,30,30,50,35,-10,0,0,70,80,110,80
1002E,1998,4,SEÑORIO DE BERTIZ,146,NAVARRA,215,180,240,180,145,155,145,140,110,100,105,60,100,140,150,140,100,105,180,185,250,210,190,190,260,120,120,180,140,140,,70,90,130,80,80,30,85,80,55,30,10,35,10,10,50,30,70,40,40,70,85,100,120,130,80,120,80,75,110,90,
1002E,1998,5,SEÑORIO DE BERTIZ,146,NAVARRA,140,140,135,110,145,185,260,220,290,260,220,200,260,230,190,210,230,260,260,240,240,225,185,190,160,180,185,150,220,180,225,90,105,100,100,80,80,80,110,170,160,135,105,100,140,140,150,120,120,120,125,110,120,120,90,125,110,110,115,85,135,100
1002E,1998,6,SEÑORIO DE BERTIZ,146,NAVARRA,250,215,250,300,265,260,175,250,325,180,140,170,150,180,170,200,260,310,340,350,260,200,225,240,180,200,210,220,205,200,,160,160,110,130,175,160,150,110,120,150,120,90,80,110,120,110,90,105,110,160,155,170,160,120,140,150,160,120,160,150,
1002E,1998,7,SEÑORIO DE BERTIZ,146,NAVARRA,260,260,220,220,250,295,180,210,215,220,220,265,220,205,245,270,285,280,350,360,240,320,300,205,215,245,260,260,260,230,175,160,165,140,150,155,140,160,155,120,130,155,140,160,160,120,110,140,200,185,160,170,150,140,180,160,170,170,130,170,160,160
1002E,1998,8,SEÑORIO DE BERTIZ,146,NAVARRA,185,200,220,230,260,290,330,340,340,330,350,225,210,300,310,265,240,210,220,220,250,230,220,230,260,265,250,220,260,280,340,150,135,140,130,140,150,150,160,170,185,200,215,180,180,190,160,170,190,150,150,155,140,160,180,160,170,190,120,80,90,140
1002E,1998,9,SEÑORIO DE BERTIZ,146,NAVARRA,310,295,290,265,230,310,185,260,300,180,180,160,150,170,180,190,225,250,260,260,260,220,225,225,200,220,190,210,220,220,,190,200,190,190,150,120,130,135,135,150,145,120,125,130,120,150,125,110,115,120,125,140,140,130,140,130,130,140,125,135,
1002E,1998,10,SEÑORIO DE BERTIZ,146,NAVARRA,180,140,185,150,140,130,120,130,140,170,170,160,180,185,190,220,215,140,145,180,200,220,225,220,145,180,180,225,140,150,185,110,110,120,120,110,120,105,125,115,110,120,120,115,80,100,105,110,120,100,80,45,55,80,100,145,120,90,75,75,85,70
1002E,1998,11,SEÑORIO DE BERTIZ,146,NAVARRA,140,190,160,110,140,145,175,200,215,175,140,140,130,130,125,125,115,80,90,105,90,90,80,70,100,100,100,100,65,70,,70,80,115,90,70,50,25,35,75,85,70,70,80,90,105,50,10,20,0,0,-25,-50,-30,-20,-15,60,80,80,60,35,
1002E,1998,12,SEÑORIO DE BERTIZ,146,NAVARRA,55,65,50,60,65,95,100,100,100,110,120,185,185,185,140,130,160,130,100,100,80,60,90,100,60,110,150,110,140,110,130,20,20,30,30,40,30,50,-10,0,10,70,85,70,35,20,20,-10,-10,0,70,20,-20,0,0,0,-10,10,20,30,90,70
1002E,1999,1,SEÑORIO DE BERTIZ,146,NAVARRA,110,100,140,180,200,185,190,90,80,65,50,60,70,100,135,140,100,100,140,135,120,140,140,170,170,80,100,100,105,90,30,60,40,30,20,30,40,40,30,50,30,10,0,0,40,40,40,80,30,-10,0,60,35,0,0,0,0,20,80,100,15,-20
1002E,1999,2,SEÑORIO DE BERTIZ,146,NAVARRA,40,40,65,50,90,100,90,70,65,20,50,70,50,60,100,75,85,100,110,140,130,100,95,100,140,185,120,130,,,,-50,-30,25,-10,0,60,60,50,40,0,0,0,-40,-45,-40,20,35,70,80,80,85,80,80,40,40,85,90,55,,,
1002E,1999,3,SEÑORIO DE BERTIZ,146,NAVARRA,145,160,130,100,60,40,135,180,180,185,225,180,120,135,145,140,150,155,135,140,100,140,175,220,140,100,115,140,180,220,240,40,40,50,50,50,10,20,40,100,90,85,100,75,85,100,100,90,35,40,20,40,60,80,40,80,60,30,60,40,30,40
1002E,1999,4,SEÑORIO DE BERTIZ,146,NAVARRA,220,225,185,240,260,180,140,140,160,180,140,140,110,180,105,140,110,140,215,210,200,185,150,180,220,185,165,135,200,235,,110,75,100,90,80,80,110,100,85,50,70,85,85,85,50,20,30,60,40,75,90,90,90,90,50,70,80,100,80,75,
1002E,1999,5,SEÑORIO DE BERTIZ,146,NAVARRA,220,180,140,160,210,260,205,220,250,220,275,295,295,185,140,140,185,175,125,130,140,150,160,260,210,300,295,300,290,290,290,90,120,130,120,110,110,130,110,90,135,140,120,115,130,125,120,110,105,115,115,115,115,120,120,140,130,145,140,140,150,150
1002E,1999,6,SEÑORIO DE BERTIZ,146,NAVARRA,260,240,240,230,190,180,140,185,215,160,170,205,160,210,250,290,200,190,190,210,185,220,260,300,335,255,220,260,260,250,,170,160,120,120,160,120,120,120,120,145,140,125,140,130,110,125,150,160,130,155,150,85,110,120,170,160,150,145,150,160,
1002E,1999,7,SEÑORIO DE BERTIZ,146,NAVARRA,310,340,300,225,260,190,225,250,260,270,260,260,210,220,195,260,260,195,260,290,220,210,260,290,335,335,280,195,200,260,260,150,165,160,170,170,160,160,160,140,140,150,190,190,160,160,175,170,190,170,190,190,185,120,125,130,160,190,185,185,180,200
1002E,1999,8,SEÑORIO DE BERTIZ,146,NAVARRA,300,230,260,280,290,250,260,260,290,250,250,235,225,290,300,235,255,265,190,220,300,300,335,370,355,225,300,220,280,260,260,165,210,190,190,190,205,185,155,155,160,145,150,150,160,170,205,185,160,135,150,135,150,160,200,200,200,200,210,165,150,160
1002E,1999,9,SEÑORIO DE BERTIZ,146,NAVARRA,300,340,250,300,315,285,265,330,295,335,340,285,200,170,220,265,220,210,185,220,220,260,260,245,190,220,215,225,265,175,,145,160,205,160,160,160,165,160,155,160,160,205,175,150,150,100,105,120,130,85,120,175,160,150,155,135,125,140,115,125,
1002E,1999,10,SEÑORIO DE BERTIZ,146,NAVARRA,200,225,145,140,180,185,140,185,200,220,220,150,185,225,225,220,150,150,160,180,210,185,200,210,195,190,225,260,225,220,220,135,120,125,90,100,50,60,90,80,85,90,100,120,140,140,110,115,110,80,90,100,110,130,145,105,80,90,110,120,120,120
1002E,1999,11,SEÑORIO DE BERTIZ,146,NAVARRA,220,185,145,170,140,120,135,135,125,120,100,60,70,70,70,100,90,100,60,50,25,60,70,130,100,120,100,140,145,150,,130,150,65,25,30,50,70,20,35,80,30,30,35,50,55,30,35,70,25,10,0,10,10,40,30,0,-10,0,85,10,
1002E,1999,12,SEÑORIO DE BERTIZ,146,NAVARRA,110,105,155,75,95,100,140,130,85,80,140,130,120,100,60,50,55,80,100,65,80,110,150,130,175,155,170,70,80,85,70,15,20,-10,-10,0,0,-20,-15,10,45,50,70,45,45,50,0,-30,-10,50,35,-40,-35,50,20,35,100,100,60,35,-10,-10
1002E,2000,1,SEÑORIO DE BERTIZ,146,NAVARRA,100,135,120,130,105,125,140,100,85,85,70,100,100,125,140,60,65,65,60,75,50,55,70,60,50,110,140,140,110,140,185,35,70,30,15,0,15,0,10,35,10,-35,-35,-35,-10,35,-10,-10,-20,0,20,0,25,35,-20,-50,-55,-40,-10,0,10,15
1002E,2000,2,SEÑORIO DE BERTIZ,146,NAVARRA,180,120,140,180,205,170,145,180,140,150,90,110,130,130,115,110,120,120,115,125,135,100,100,140,200,220,220,180,140,,,20,60,65,10,20,0,10,75,70,0,10,0,-15,10,100,85,80,100,100,60,10,10,10,35,30,40,50,50,50,,
1002E,2000,3,SEÑORIO DE BERTIZ,146,NAVARRA,100,140,185,105,140,210,210,220,220,210,225,190,145,155,140,140,140,130,100,135,150,180,170,180,100,100,90,80,100,140,100,60,30,0,15,35,0,40,30,20,10,40,60,70,85,80,25,10,30,75,-10,20,90,110,90,40,40,70,30,35,10,10
1002E,2000,4,SEÑORIO DE BERTIZ,146,NAVARRA,180,180,170,100,95,110,210,130,180,100,105,105,170,200,165,185,195,165,205,260,260,210,160,215,250,175,100,140,185,210,,40,70,100,90,60,55,10,30,90,90,85,80,80,80,40,90,90,45,80,100,120,130,80,60,100,120,100,70,50,85,
1002E,2000,5,SEÑORIO DE BERTIZ,146,NAVARRA,260,260,265,220,255,220,240,230,220,220,185,220,260,300,300,300,150,180,160,220,150,185,260,265,200,260,220,215,190,255,200,80,90,85,115,110,110,135,120,115,145,140,130,120,120,150,150,140,120,120,75,110,120,80,90,130,120,125,140,160,160,150
1002E,2000,6,SEÑORIO DE BERTIZ,146,NAVARRA,320,330,200,180,140,180,215,300,180,140,140,185,200,220,285,330,330,335,330,300,260,180,185,185,260,300,300,240,230,300,,130,140,170,160,140,100,100,100,160,120,80,110,140,150,160,150,130,160,210,200,160,170,150,130,110,150,170,130,160,160,
1002E,2000,7,SEÑORIO DE BERTIZ,146,NAVARRA,290,290,300,220,265,340,220,220,255,175,180,200,210,180,180,220,250,290,280,280,335,290,260,260,215,260,245,255,250,280,335,170,170,150,140,130,155,150,150,120,150,120,130,110,120,160,160,120,140,150,160,170,200,185,160,170,145,140,160,140,140,160
1002E,2000,8,SEÑORIO DE BERTIZ,146,NAVARRA,260,220,190,220,220,220,230,295,300,300,275,200,290,300,260,295,235,315,310,295,220,290,310,360,260,225,220,255,305,200,250,170,170,160,150,150,150,140,145,160,165,170,175,165,170,175,190,190,195,175,200,180,130,120,155,160,180,160,140,140,155,145
1002E,2000,9,SEÑORIO DE BERTIZ,146,NAVARRA,255,220,210,220,245,215,225,290,315,330,295,265,310,335,330,240,220,260,180,140,225,260,300,220,280,265,240,210,180,180,,145,140,150,160,120,115,120,135,150,160,150,170,180,185,150,160,130,120,125,110,80,90,120,135,150,160,160,160,120,100,
1002E,2000,10,SEÑORIO DE BERTIZ,146,NAVARRA,140,150,220,220,150,175,185,195,210,180,120,180,170,115,120,140,190,220,220,220,125,180,165,220,220,170,175,220,150,185,160,110,110,120,90,100,125,60,60,105,120,115,90,90,100,105,100,85,80,85,130,120,125,125,140,120,150,135,75,90,80,75
1002E,2000,11,SEÑORIO DE BERTIZ,146,NAVARRA,160,120,130,140,130,110,105,140,140,145,150,160,150,140,140,100,120,105,100,90,140,145,100,100,160,130,205,190,185,160,,50,65,70,65,55,75,65,45,25,20,20,70,100,40,25,20,30,50,85,80,70,70,80,70,75,80,105,100,120,85,
1002E,2000,12,SEÑORIO DE BERTIZ,146,NAVARRA,145,140,140,160,170,185,200,180,140,170,180,180,140,130,100,105,120,150,185,135,155,150,135,170,140,140,140,95,75,80,140,90,110,40,50,90,125,120,80,70,80,80,120,90,90,60,65,20,30,75,25,40,125,90,90,50,60,40,35,40,60,0
1002E,2001,1,SEÑORIO DE BERTIZ,146,NAVARRA,150,140,125,140,185,90,100,90,105,150,175,175,100,90,90,105,100,100,130,100,140,130,180,155,140,90,120,80,90,100,110,10,110,30,40,70,80,60,40,30,90,100,85,85,70,55,15,40,30,70,70,40,50,80,100,60,30,60,25,40,20,20
1002E,2001,2,SEÑORIO DE BERTIZ,146,NAVARRA,95,140,165,150,150,175,140,150,135,150,190,220,110,90,160,110,100,60,70,120,130,140,100,90,80,110,80,50,,,,75,40,40,20,40,80,125,80,60,40,50,50,50,60,30,30,60,40,-10,10,20,0,10,60,20,-10,30,10,,,
1002E,2001,3,SEÑORIO DE BERTIZ,146,NAVARRA,100,180,170,140,215,220,220,180,185,165,220,115,140,150,220,200,180,170,180,220,215,220,260,220,180,180,180,180,100,140,165,0,20,90,80,90,110,130,90,80,120,115,115,70,80,70,80,80,80,60,130,160,160,120,110,80,80,90,90,80,70,80
1002E,2001,4,SEÑORIO DE BERTIZ,146,NAVARRA,260,250,200,150,215,240,110,140,180,150,125,130,140,140,180,140,140,105,100,105,100,140,180,240,180,220,140,220,110,100,,90,110,110,90,100,110,90,90,60,60,90,80,80,70,30,50,60,40,75,40,40,50,65,110,70,50,75,60,70,70,
1002E,2001,5,SEÑORIO DE BERTIZ,146,NAVARRA,180,170,170,140,100,100,105,150,220,185,220,290,180,240,260,240,190,180,200,185,235,240,220,225,220,255,330,340,340,310,220,40,70,50,60,80,80,80,80,90,110,130,110,130,120,130,110,150,110,70,120,120,110,140,150,140,140,120,130,140,140,160
1002E,2001,6,SEÑORIO DE BERTIZ,146,NAVARRA,220,220,230,260,180,185,290,220,210,180,220,260,240,290,220,190,185,210,270,320,340,340,190,300,370,220,210,260,320,225,,125,100,120,100,150,140,90,120,150,150,90,100,120,160,120,120,120,120,100,90,120,120,180,160,180,185,160,130,120,130,
1002E,2001,7,SEÑORIO DE BERTIZ,146,NAVARRA,290,335,260,220,250,180,250,185,220,240,220,280,300,245,210,225,290,220,160,220,300,295,200,245,290,250,220,220,300,325,340,175,130,140,160,150,140,110,120,160,150,150,120,140,160,140,120,130,160,130,120,80,120,170,170,170,200,190,190,190,190,200
1002E,2001,8,SEÑORIO DE BERTIZ,146,NAVARRA,280,255,260,220,260,260,300,225,215,225,280,300,290,340,300,190,290,230,250,260,340,300,290,350,370,290,340,340,260,230,215,205,170,170,150,120,170,160,160,150,140,100,100,120,180,170,170,160,170,150,150,140,190,200,210,200,210,180,160,200,170,160
1002E,2001,9,SEÑORIO DE BERTIZ,146,NAVARRA,220,260,240,220,220,220,220,190,210,210,220,260,250,190,190,190,180,180,220,260,270,200,220,180,190,250,260,220,200,260,,160,110,120,130,140,100,110,130,150,110,80,80,80,90,130,110,110,80,80,80,140,170,140,140,110,80,80,120,160,120,
1002E,2001,10,SEÑORIO DE BERTIZ,146,NAVARRA,290,300,180,250,250,200,220,220,210,220,260,270,240,250,250,260,230,240,230,180,220,210,210,220,220,230,230,250,270,260,210,130,160,180,120,130,160,110,120,80,90,100,100,100,120,120,100,110,120,150,120,120,120,130,90,70,70,80,100,100,80,80
1002E,2001,11,SEÑORIO DE BERTIZ,146,NAVARRA,160,170,210,180,140,140,140,150,70,65,100,100,115,60,50,100,140,140,100,95,120,90,75,105,120,80,110,80,110,140,,60,25,20,40,50,70,75,90,10,15,-20,0,20,50,30,40,40,60,65,65,60,60,40,20,25,30,40,-10,20,70,
1002E,2001,12,SEÑORIO DE BERTIZ,146,NAVARRA,140,170,145,145,140,140,160,150,150,140,140,105,55,20,30,30,70,80,100,30,65,70,20,30,60,90,65,140,140,110,80,80,50,60,25,30,90,80,30,20,20,0,-40,-30,10,-60,-70,-20,-65,-50,-40,-35,-80,-10,-50,-90,-40,20,30,-20,60,40
1002E,2002,1,SEÑORIO DE BERTIZ,146,NAVARRA,100,110,150,130,140,130,100,130,100,140,140,120,110,130,100,90,135,140,110,140,150,140,150,110,175,180,200,190,220,190,130,10,90,60,80,50,-10,-20,-10,10,-10,-10,-10,30,80,60,50,0,20,10,10,10,20,50,60,20,20,110,15,30,70,60
1002E,2002,2,SEÑORIO DE BERTIZ,146,NAVARRA,180,220,215,160,140,75,140,170,180,180,220,210,190,90,65,50,60,100,120,100,100,100,105,130,180,180,160,110,,,,10,70,125,20,70,70,30,65,50,90,10,20,10,50,40,35,40,50,30,40,70,65,65,90,60,50,80,70,,,
1002E,2002,3,SEÑORIO DE BERTIZ,146,NAVARRA,110,135,130,150,100,100,100,160,120,200,190,220,240,180,180,140,160,190,245,260,260,230,200,190,180,180,180,180,170,200,220,70,25,40,35,70,80,80,90,90,60,90,110,110,100,70,100,50,70,130,80,70,70,70,40,30,0,0,30,100,100,60
1002E,2002,4,SEÑORIO DE BERTIZ,146,NAVARRA,240,180,85,110,200,180,190,210,130,110,60,110,110,115,130,160,220,150,200,230,220,230,240,260,230,200,180,220,160,270,,60,80,80,80,50,90,80,80,90,80,40,40,70,70,70,60,30,70,70,90,50,30,50,60,80,130,110,40,110,50,
1002E,2002,5,SEÑORIO DE BERTIZ,146,NAVARRA,160,140,120,145,150,140,145,130,130,120,145,230,250,250,300,320,230,180,250,300,260,220,170,210,170,150,150,230,150,260,290,100,80,80,80,70,70,70,90,120,100,90,80,100,80,90,120,180,120,70,100,120,140,110,70,110,50,80,90,120,110,120
1002E,2002,6,SEÑORIO DE BERTIZ,146,NAVARRA,310,320,180,150,150,180,185,140,185,200,260,250,320,340,260,330,340,250,240,200,290,290,200,180,210,300,260,190,180,160,,160,160,160,150,110,90,90,110,100,120,80,100,160,150,150,170,200,200,170,160,160,180,170,150,160,150,170,130,120,140,
1002E,2002,7,SEÑORIO DE BERTIZ,146,NAVARRA,260,190,230,220,220,190,280,250,260,200,200,250,190,215,210,220,230,300,340,340,260,270,200,190,225,225,320,265,250,200,220,100,140,110,150,90,110,110,170,140,130,140,110,130,130,160,160,120,150,130,170,180,160,160,130,150,180,160,180,190,180,150
1002E,2002,8,SEÑORIO DE BERTIZ,146,NAVARRA,230,230,220,260,220,190,210,220,190,190,190,190,220,300,260,270,300,290,300,255,220,215,230,240,180,220,190,190,190,260,190,120,120,120,140,140,160,150,160,140,130,130,130,150,130,170,180,180,190,190,200,190,170,160,180,170,150,150,160,160,170,180
1002E,2002,9,SEÑORIO DE BERTIZ,146,NAVARRA,240,270,260,230,210,190,220,250,230,260,250,230,250,260,290,260,280,260,260,270,260,230,180,180,190,220,220,200,270,260,,170,145,170,180,150,130,130,130,120,120,120,110,110,100,120,140,160,160,160,160,155,160,120,80,55,50,50,80,80,120,
1002E,2002,10,SEÑORIO DE BERTIZ,146,NAVARRA,220,200,220,220,220,210,220,210,140,135,180,150,240,220,190,180,140,190,220,260,240,200,145,160,230,250,215,245,250,190,150,150,150,110,160,150,150,80,80,100,110,110,100,80,90,150,150,110,60,70,180,170,160,120,80,100,110,110,120,110,120,130
1002E,2002,11,SEÑORIO DE BERTIZ,146,NAVARRA,220,220,150,145,180,135,130,140,150,170,140,180,180,145,150,145,145,160,180,115,140,145,180,140,130,110,180,180,110,100,,100,90,150,110,100,75,80,90,100,120,120,70,90,70,60,90,40,70,60,60,85,70,75,40,70,80,35,110,60,90,
1002E,2002,12,SEÑORIO DE BERTIZ,146,NAVARRA,110,90,100,120,90,90,60,80,110,145,150,140,130,175,140,135,120,180,140,140,140,170,185,165,185,175,180,100,160,140,130,100,90,70,80,50,50,60,50,40,70,110,30,0,10,10,20,70,90,80,100,50,60,90,70,80,140,160,90,75,85,90
1002E,2003,1,SEÑORIO DE BERTIZ,146,NAVARRA,160,185,180,90,85,70,70,100,55,30,40,20,80,100,135,85,100,140,120,120,140,140,100,100,100,110,140,120,60,60,50,80,120,120,60,50,60,0,65,40,20,-20,-10,-10,-50,-40,40,30,50,50,30,90,50,60,25,0,0,80,100,50,10,20
1002E,2003,2,SEÑORIO DE BERTIZ,146,NAVARRA,40,80,100,90,90,110,150,150,60,130,100,100,90,60,30,50,20,90,100,80,150,140,175,140,150,120,140,140,,,,0,30,70,80,40,20,-10,-20,-10,20,30,60,40,40,10,-10,0,-50,-40,40,20,100,90,90,130,110,60,10,,,
1002E,2003,3,SEÑORIO DE BERTIZ,146,NAVARRA,170,150,140,220,220,130,175,180,230,230,260,255,230,220,200,170,200,185,190,180,185,200,220,230,220,220,190,170,185,190,180,80,80,100,90,80,90,30,70,20,30,60,60,60,80,80,70,40,0,10,10,20,60,120,90,80,80,120,120,120,80,110
1002E,2003,4,SEÑORIO DE BERTIZ,146,NAVARRA,190,110,100,110,150,180,140,190,120,150,140,170,260,180,140,220,260,260,210,190,220,240,250,240,240,180,260,280,260,180,,90,100,70,40,0,60,80,20,50,70,70,40,120,150,120,80,80,80,100,110,70,80,100,130,120,150,50,150,130,120,
1002E,2003,5,SEÑORIO DE BERTIZ,146,NAVARRA,220,200,260,300,140,120,170,140,200,180,190,230,170,180,220,175,260,280,250,170,220,290,340,150,150,180,210,300,320,340,260,70,100,50,70,140,100,100,110,90,100,80,110,120,70,50,90,120,130,130,120,70,60,80,120,100,90,100,90,110,120,170
1002E,2003,6,SEÑORIO DE BERTIZ,146,NAVARRA,260,220,270,220,190,260,300,190,320,325,320,280,340,320,300,230,190,225,260,340,360,380,260,265,215,200,230,300,340,300,,170,170,170,160,160,160,160,170,160,190,200,200,190,170,170,200,170,160,130,150,160,160,200,190,190,180,170,180,180,180,
1002E,2003,7,SEÑORIO DE BERTIZ,146,NAVARRA,260,220,220,240,250,240,230,310,230,300,320,360,340,270,350,220,270,340,300,300,220,210,220,260,320,360,210,260,280,290,290,160,160,160,130,110,140,180,180,200,160,180,170,170,210,200,140,120,140,200,180,190,190,160,180,130,160,190,180,120,120,160
1002E,2003,8,SEÑORIO DE BERTIZ,146,NAVARRA,330,360,390,410,390,340,370,390,390,380,350,420,420,300,290,300,230,340,330,260,250,300,320,330,300,220,370,240,280,260,230,150,130,150,190,200,210,200,200,170,170,180,210,200,200,180,200,190,190,190,200,180,160,170,180,170,170,160,180,150,160,170
1002E,2003,9,SEÑORIO DE BERTIZ,146,NAVARRA,220,250,220,220,260,200,200,220,170,220,220,220,210,250,260,300,300,300,300,300,300,230,180,220,270,240,220,200,220,215,,150,150,100,130,160,160,160,150,150,120,130,160,150,150,120,120,100,110,120,150,160,170,160,120,80,120,160,170,130,140,
1002E,2003,10,SEÑORIO DE BERTIZ,146,NAVARRA,260,260,220,170,140,170,150,180,200,210,250,240,200,190,220,220,170,210,180,180,150,180,130,100,130,100,110,170,140,150,170,170,160,120,140,120,50,50,130,140,130,100,120,150,150,150,150,120,130,130,110,80,80,60,60,10,50,80,80,80,90,90
1002E,2003,11,SEÑORIO DE BERTIZ,146,NAVARRA,120,150,210,210,210,220,220,170,180,150,190,140,150,180,160,130,120,130,190,190,180,180,180,120,120,120,80,110,120,150,,80,70,70,60,70,100,60,50,110,90,100,100,80,80,80,110,30,10,0,30,50,130,150,80,80,30,40,60,80,90,
1002E,2003,12,SEÑORIO DE BERTIZ,146,NAVARRA,130,70,130,110,160,140,130,140,140,150,140,130,100,110,100,100,140,140,100,140,100,70,80,100,120,120,120,60,90,90,100,70,40,0,50,60,50,40,40,30,-10,20,30,90,80,80,0,40,90,70,70,70,70,0,40,60,40,40,60,10,20,80
1002E,2004,1,SEÑORIO DE BERTIZ,146,NAVARRA,90,80,70,100,100,100,140,150,150,140,150,150,180,110,140,100,110,50,90,85,100,100,120,130,100,100,90,60,80,110,125,0,70,50,50,0,-20,0,0,100,110,100,110,100,110,40,30,90,40,0,0,50,60,60,120,60,70,70,10,20,10,80
1002E,2004,2,SEÑORIO DE BERTIZ,146,NAVARRA,180,180,190,200,220,200,100,130,140,180,190,140,150,170,110,100,90,100,50,20,100,140,50,60,55,65,40,60,60,,,30,20,20,20,40,40,70,30,0,-10,-20,-20,30,0,50,40,20,20,30,0,0,30,10,-10,30,20,0,10,0,,
1002E,2004,3,SEÑORIO DE BERTIZ,146,NAVARRA,40,70,110,100,190,100,120,130,150,90,140,140,100,190,220,240,230,180,190,210,150,100,90,100,100,90,90,70,130,140,160,-10,-30,-30,-20,20,60,40,10,0,0,-30,100,70,50,40,50,70,80,70,110,110,50,40,30,10,10,30,30,20,60,90
1002E,2004,4,SEÑORIO DE BERTIZ,146,NAVARRA,180,180,190,210,180,100,140,100,70,100,100,130,130,140,200,130,140,100,140,200,240,130,140,200,220,230,180,110,150,160,,60,90,60,40,90,100,90,30,30,30,30,40,70,80,40,70,80,60,60,90,80,100,100,80,70,70,50,100,100,80,
1002E,2004,5,SEÑORIO DE BERTIZ,146,NAVARRA,180,190,140,140,110,100,120,140,180,130,120,140,170,140,220,250,260,300,300,290,260,180,200,260,260,180,220,210,260,170,250,40,70,100,100,70,60,70,70,40,100,110,110,110,90,80,80,80,120,110,120,110,140,120,80,110,120,130,110,120,160,110
1002E,2004,6,SEÑORIO DE BERTIZ,146,NAVARRA,210,180,210,250,260,300,330,300,330,280,220,240,240,220,230,260,290,290,170,180,260,300,220,260,270,340,290,220,290,260,,140,140,120,110,110,120,160,170,180,180,180,190,160,110,130,120,110,120,160,140,110,140,160,160,180,170,190,200,130,150,
1002E,2004,7,SEÑORIO DE BERTIZ,146,NAVARRA,220,220,260,330,190,220,220,180,220,220,200,200,220,220,290,320,250,220,300,260,290,330,260,260,260,250,250,300,210,290,340,160,120,110,110,160,160,160,120,120,140,150,110,120,120,170,160,190,200,190,190,180,200,210,200,170,160,160,140,150,180,170
1002E,2004,8,SEÑORIO DE BERTIZ,146,NAVARRA,340,280,250,220,260,270,330,280,240,290,300,260,260,320,370,300,280,330,290,250,220,300,260,220,220,220,240,250,240,220,220,200,170,190,180,180,160,180,200,190,150,130,190,160,160,160,160,190,180,140,140,140,120,170,180,130,140,160,150,140,150,160
1002E,2004,9,SEÑORIO DE BERTIZ,146,NAVARRA,300,250,260,270,340,300,290,290,290,290,260,260,260,180,180,210,260,280,190,210,190,220,180,180,180,180,220,240,260,220,,140,160,170,190,190,190,190,200,210,180,190,170,160,160,140,130,90,100,130,140,120,150,120,130,110,80,150,130,120,130,
1002E,2004,10,SEÑORIO DE BERTIZ,146,NAVARRA,260,220,290,300,300,170,210,260,260,220,220,170,200,180,110,110,180,190,220,260,190,220,260,260,140,130,140,180,180,180,130,130,140,150,130,90,130,140,140,180,150,120,120,70,80,100,100,80,90,140,190,150,140,130,150,120,100,120,110,110,70,50
1002E,2004,11,SEÑORIO DE BERTIZ,146,NAVARRA,140,180,170,150,140,140,110,120,110,90,90,100,100,90,100,80,140,130,110,140,140,140,130,140,140,130,140,110,100,100,,100,100,70,70,80,100,70,60,110,80,40,50,40,0,0,60,60,20,30,90,40,60,70,20,10,10,30,30,60,40,
1002E,2004,12,SEÑORIO DE BERTIZ,146,NAVARRA,150,100,90,110,70,80,70,80,100,100,100,140,170,140,140,100,110,100,100,80,60,90,100,140,60,30,60,90,70,80,110,30,60,70,70,60,60,20,50,60,50,50,10,30,20,40,20,80,90,90,70,10,20,30,80,40,10,-20,-10,30,50,60
1002E,2005,1,SEÑORIO DE BERTIZ,146,NAVARRA,110,100,100,130,130,100,140,140,110,70,110,100,140,140,130,140,140,100,120,100,100,100,100,20,30,10,20,0,60,50,70,70,80,40,0,-10,10,50,20,-20,-10,-30,-30,0,-10,0,20,0,30,60,90,90,80,80,20,0,-10,-30,-50,0,-30,0
1002E,2005,2,SEÑORIO DE BERTIZ,146,NAVARRA,50,100,100,100,100,100,140,140,130,130,140,130,80,60,60,30,20,60,60,50,30,50,70,90,100,100,60,20,,,,30,0,10,20,-30,10,0,-20,-20,0,0,80,70,40,30,10,10,0,10,40,-10,0,-10,0,-30,-10,0,-40,,,
1002E,2005,3,SEÑORIO DE BERTIZ,146,NAVARRA,60,100,30,20,70,60,60,90,100,100,100,170,180,200,210,220,230,240,250,250,210,240,210,240,180,190,160,170,170,130,170,-80,-60,0,10,0,20,-20,0,-20,0,20,-20,0,20,40,70,50,50,40,60,120,140,50,100,90,90,90,70,80,80,70
1002E,2005,4,SEÑORIO DE BERTIZ,146,NAVARRA,190,150,170,210,170,210,200,90,50,110,100,110,130,170,90,90,100,130,90,90,130,200,210,180,170,250,220,250,290,290,,50,130,130,120,130,110,130,90,20,40,60,100,100,60,70,30,50,60,50,60,70,100,120,120,100,50,80,100,120,130,
1002E,2005,5,SEÑORIO DE BERTIZ,146,NAVARRA,280,260,210,180,130,130,210,170,210,170,210,200,200,170,170,210,130,170,260,250,190,150,210,300,290,340,320,190,230,170,170,140,130,120,110,110,110,90,120,130,140,140,150,140,120,110,80,100,90,70,110,80,130,90,80,120,120,180,160,170,140,130
1002E,2005,6,SEÑORIO DE BERTIZ,146,NAVARRA,200,290,160,170,220,210,210,240,250,250,300,280,210,210,260,220,300,330,250,210,210,330,330,280,250,270,360,330,250,250,,120,120,150,130,120,140,160,130,90,80,120,160,160,150,130,140,170,170,170,180,190,180,200,200,200,200,220,200,210,130,
1002E,2005,7,SEÑORIO DE BERTIZ,146,NAVARRA,210,280,280,180,200,200,170,180,200,240,250,280,290,370,330,280,240,210,250,260,290,250,250,280,240,330,330,330,240,240,250,160,120,160,180,130,140,160,160,160,160,160,150,140,140,200,210,210,170,160,150,170,180,160,150,200,200,180,180,200,130,130
1002E,2005,8,SEÑORIO DE BERTIZ,146,NAVARRA,210,210,230,250,290,290,290,290,330,270,250,250,250,250,250,290,270,250,210,170,210,210,170,250,250,170,210,250,280,330,290,160,150,120,160,130,130,200,140,130,170,190,140,170,170,170,130,150,160,150,150,140,140,150,120,120,130,160,170,170,180,200
1002E,2005,9,SEÑORIO DE BERTIZ,146,NAVARRA,210,270,320,250,200,240,210,170,275,210,170,190,200,230,240,200,150,170,170,170,205,260,210,235,190,210,250,240,200,210,,200,180,180,210,170,150,150,160,150,150,130,150,160,170,160,160,130,90,80,75,70,80,80,120,160,120,110,130,150,140,
1002E,2005,10,SEÑORIO DE BERTIZ,146,NAVARRA,200,140,130,170,175,200,210,240,250,240,220,210,140,200,160,210,155,180,210,190,210,200,180,200,225,220,230,240,225,255,205,130,120,90,80,80,85,90,110,100,130,170,180,135,140,115,90,95,110,120,125,140,135,150,85,150,120,190,200,150,170,150
1002E,2005,11,SEÑORIO DE BERTIZ,146,NAVARRA,180,195,180,135,140,165,180,190,105,120,140,125,80,100,100,100,105,100,140,140,180,100,70,70,60,60,60,90,70,65,,100,160,110,110,90,50,35,50,100,40,50,50,50,50,85,80,80,70,25,40,50,40,10,30,40,30,30,10,30,40,
1002E,2005,12,SEÑORIO DE BERTIZ,146,NAVARRA,110,135,130,160,75,70,100,95,90,55,60,60,40,40,55,85,70,60,80,70,80,85,70,75,80,55,20,20,40,55,60,50,80,50,50,75,60,40,50,80,30,0,30,30,30,40,50,60,40,-20,-50,-40,-50,-60,-45,-40,0,10,-25,10,40,55
1002E,2006,1,SEÑORIO DE BERTIZ,146,NAVARRA,70,70,50,60,60,50,60,80,80,90,100,90,60,70,90,90,80,90,90,70,90,40,80,80,90,35,30,20,20,50,50,60,60,50,30,50,50,45,60,70,40,0,0,35,50,70,50,40,60,90,40,70,30,-10,-20,40,-30,10,-10,-20,20,50
1002E,2006,2,SEÑORIO DE BERTIZ,146,NAVARRA,90,110,50,50,40,50,100,20,40,90,90,80,160,150,120,110,145,150,90,100,60,50,50,85,50,50,50,50,,,,50,10,0,40,35,0,-10,-10,-20,20,-20,-10,-10,-10,30,100,40,40,60,20,40,30,20,30,0,-10,40,20,,,
1002E,2006,3,SEÑORIO DE BERTIZ,146,NAVARRA,50,110,150,160,55,80,100,160,145,110,100,100,130,170,170,180,170,140,175,170,170,130,170,210,220,240,210,170,210,210,250,50,50,65,130,30,35,40,60,105,70,80,80,90,40,30,10,30,120,80,80,70,90,80,90,100,120,120,75,80,110,110
1002E,2006,4,SEÑORIO DE BERTIZ,146,NAVARRA,180,210,200,250,130,150,170,180,200,90,130,130,170,240,210,175,120,125,170,210,210,200,210,210,135,165,130,130,165,170,,120,60,80,90,80,80,50,50,60,60,0,20,70,30,60,70,90,90,40,40,80,110,100,120,120,120,120,95,90,30,
1002E,2006,5,SEÑORIO DE BERTIZ,146,NAVARRA,210,280,250,210,210,170,210,160,200,210,250,245,160,280,290,290,320,170,210,210,275,210,160,200,230,210,290,250,210,170,170,40,80,120,125,130,130,130,90,40,80,70,120,140,120,130,160,160,170,120,90,120,120,80,55,50,130,130,140,160,110,80
1002E,2006,6,SEÑORIO DE BERTIZ,146,NAVARRA,210,170,210,250,250,290,300,330,330,300,330,330,330,330,325,290,250,250,250,210,250,200,290,190,210,210,190,210,200,250,,40,80,70,80,80,80,80,130,160,200,130,180,160,130,130,170,160,160,170,160,160,170,160,170,150,160,160,150,160,140,
1002E,2006,7,SEÑORIO DE BERTIZ,146,NAVARRA,320,250,210,280,200,210,230,290,250,330,210,210,250,290,330,330,330,360,290,330,365,250,250,360,250,290,250,210,290,250,250,160,200,180,180,160,160,160,150,170,180,200,190,180,160,200,180,200,200,200,200,200,210,210,170,200,210,200,160,150,160,180
1002E,2006,8,SEÑORIO DE BERTIZ,146,NAVARRA,210,250,210,230,240,250,250,250,250,240,240,200,210,210,170,250,210,250,240,240,250,280,240,210,200,210,250,210,210,210,290,160,160,160,170,160,130,120,170,160,120,120,120,120,120,120,120,140,120,120,130,130,120,140,160,125,150,140,180,160,160,120
1002E,2006,9,SEÑORIO DE BERTIZ,146,NAVARRA,290,285,290,320,370,370,290,310,330,330,250,250,210,170,165,140,210,210,250,290,250,245,250,210,170,210,270,240,250,230,,120,150,135,130,150,180,200,160,160,160,180,160,160,150,125,130,130,140,110,120,130,130,120,120,120,130,110,115,120,140,
1002E,2006,10,SEÑORIO DE BERTIZ,146,NAVARRA,250,250,180,180,195,210,170,250,250,250,260,170,210,240,240,210,190,240,170,170,200,210,210,225,240,225,250,275,245,210,210,160,120,140,120,120,90,100,115,120,150,150,110,85,80,80,110,170,160,160,160,120,100,160,80,150,190,120,120,115,120,130
1002E,2006,11,SEÑORIO DE BERTIZ,146,NAVARRA,160,130,170,170,170,200,170,205,210,210,125,160,170,170,200,180,160,170,130,135,130,130,170,200,170,170,165,140,130,150,,130,60,30,40,110,50,80,130,80,80,60,80,85,50,80,105,60,80,110,85,80,110,120,120,165,100,85,80,75,35,
1002E,2006,12,SEÑORIO DE BERTIZ,146,NAVARRA,130,130,130,170,170,90,130,115,90,90,90,80,90,130,130,130,60,85,55,80,50,45,50,90,45,115,135,130,125,150,170,40,100,75,80,100,70,60,90,60,50,0,0,10,-20,-20,10,0,0,0,-30,-40,20,-30,-30,-20,-30,-25,-20,0,70,30
1002E,2007,1,SEÑORIO DE BERTIZ,146,NAVARRA,170,170,110,70,125,115,130,120,170,160,130,150,200,130,100,120,160,170,130,170,90,80,45,15,10,10,50,50,90,90,50,90,60,30,20,40,50,70,80,45,50,20,40,40,90,40,40,30,40,40,40,45,60,30,0,0,-30,-70,-50,-45,-30,25
1002E,2007,2,SEÑORIO DE BERTIZ,146,NAVARRA,70,100,130,130,90,130,130,125,130,130,170,130,165,170,210,220,170,90,165,130,130,170,175,130,120,110,175,130,,,,40,35,0,0,50,40,50,60,40,50,80,80,20,40,15,40,115,70,70,75,75,40,80,85,90,75,80,85,,,
1002E,2007,3,SEÑORIO DE BERTIZ,146,NAVARRA,175,205,210,250,130,130,130,100,110,130,170,170,170,170,200,140,130,160,80,50,85,85,90,85,60,165,90,125,130,90,130,40,40,115,80,60,80,80,70,60,40,15,10,10,30,40,60,60,70,60,20,10,0,10,40,40,40,80,60,80,60,60
1002E,2007,4,SEÑORIO DE BERTIZ,146,NAVARRA,90,90,130,90,130,130,170,205,170,205,170,170,130,130,170,205,170,210,250,250,260,250,290,290,170,150,235,210,210,180,,40,60,40,80,40,50,50,60,65,70,80,80,100,105,105,125,125,130,125,110,90,105,105,120,145,130,120,120,125,120,
1002E,2007,5,SEÑORIO DE BERTIZ,146,NAVARRA,100,205,155,165,160,170,150,210,250,290,250,285,270,150,170,165,170,230,170,205,170,210,250,250,250,140,190,125,140,245,210,90,80,80,90,90,110,80,100,100,80,120,120,150,110,110,80,120,130,150,160,135,135,130,150,160,130,90,90,85,100,120
1002E,2007,6,SEÑORIO DE BERTIZ,146,NAVARRA,165,170,205,170,205,205,285,290,290,250,250,290,210,250,210,250,250,290,290,250,210,200,210,250,170,165,160,210,170,290,,120,120,120,135,130,120,140,145,160,160,160,170,180,160,120,120,165,130,160,120,125,120,120,135,120,120,130,90,125,120,
1002E,2007,7,SEÑORIO DE BERTIZ,146,NAVARRA,200,210,250,170,250,250,250,210,170,170,205,250,330,330,330,250,250,210,205,200,175,250,210,210,285,280,280,250,250,250,325,125,120,120,140,120,90,160,180,125,125,140,145,120,175,170,160,165,160,160,140,120,130,180,160,120,140,150,160,180,175,160
1002E,2007,8,SEÑORIO DE BERTIZ,146,NAVARRA,250,240,250,350,330,200,190,210,210,240,285,210,250,330,330,200,210,250,190,200,150,190,160,210,245,320,340,350,210,200,210,170,160,120,120,150,180,150,125,120,120,120,120,140,160,160,150,120,110,120,130,130,120,130,150,150,160,170,170,200,150,120
1002E,2007,9,SEÑORIO DE BERTIZ,146,NAVARRA,210,240,210,210,210,210,210,210,245,210,210,210,250,170,250,290,210,170,190,260,270,170,220,210,160,170,130,170,190,245,,120,130,150,155,80,80,90,110,125,125,120,120,120,120,150,150,160,140,80,70,110,160,160,130,120,110,85,70,80,100,
1002E,2007,10,SEÑORIO DE BERTIZ,146,NAVARRA,250,210,205,210,210,170,210,170,170,160,165,170,200,210,210,210,210,170,170,170,170,160,125,130,90,130,130,170,90,120,130,160,160,160,150,150,150,150,150,140,120,120,110,110,80,80,90,90,100,90,60,40,30,40,100,90,70,60,40,40,50,70
1002E,2007,11,SEÑORIO DE BERTIZ,146,NAVARRA,130,130,130,110,145,130,130,130,130,130,130,130,130,110,90,50,90,130,130,170,160,130,130,130,80,80,90,90,90,90,,40,40,70,85,110,90,50,30,40,30,10,10,50,80,40,-35,-60,-60,0,90,50,40,70,60,-20,70,30,20,40,10,
1002E,2007,12,SEÑORIO DE BERTIZ,146,NAVARRA,80,130,120,170,170,160,80,125,125,90,90,85,50,90,45,90,90,90,120,125,165,130,130,90,130,90,60,90,60,90,80,20,45,40,100,25,40,45,60,80,80,40,0,-20,-20,0,-30,-40,-20,40,60,70,60,0,40,0,20,10,-30,-20,50,0
1002E,2008,1,SEÑORIO DE BERTIZ,146,NAVARRA,110,100,120,130,110,170,100,130,130,140,130,80,100,130,125,90,100,130,170,170,170,110,160,165,120,170,170,130,120,85,90,-20,0,40,20,40,60,70,70,80,60,90,40,40,60,30,50,50,60,90,10,0,20,70,30,40,20,-10,-10,0,10,20
1002E,2008,2,SEÑORIO DE BERTIZ,146,NAVARRA,120,90,120,90,170,170,200,200,180,190,140,140,140,160,180,180,140,125,165,170,170,205,210,160,170,170,170,170,170,,,10,50,0,40,30,40,40,10,40,10,10,60,40,25,40,-10,0,90,115,100,80,40,25,40,115,70,80,115,95,,
1002E,2008,3,SEÑORIO DE BERTIZ,146,NAVARRA,140,210,130,70,75,90,90,100,90,90,130,170,210,250,250,170,180,100,90,90,90,70,70,100,125,90,130,170,210,160,130,80,90,90,40,10,0,50,60,40,40,70,80,100,80,90,90,75,85,60,0,30,50,10,20,90,75,45,70,45,80,75
1002E,2008,4,SEÑORIO DE BERTIZ,146,NAVARRA,130,165,140,170,200,140,140,205,210,170,90,130,170,130,170,210,140,170,160,200,100,170,180,210,250,290,250,130,200,160,,80,90,80,80,40,40,40,50,120,120,75,70,40,60,30,40,90,90,60,100,80,85,100,90,80,80,110,110,50,60,
1002E,2008,5,SEÑORIO DE BERTIZ,146,NAVARRA,210,250,290,245,210,250,250,200,170,165,200,210,250,210,210,180,170,170,170,170,230,210,210,170,200,210,170,210,210,210,200,50,50,90,110,130,120,120,160,130,120,120,120,90,120,120,120,120,100,110,120,85,110,120,130,110,120,110,120,120,120,130
1002E,2008,6,SEÑORIO DE BERTIZ,146,NAVARRA,170,170,170,210,170,170,170,170,170,210,210,210,200,210,210,210,170,250,250,280,340,320,275,250,200,240,190,245,210,250,,125,130,130,120,120,120,90,105,125,140,160,160,150,120,120,130,140,100,130,160,160,180,200,190,160,170,160,160,160,160,
1002E,2008,7,SEÑORIO DE BERTIZ,146,NAVARRA,290,200,200,290,190,170,210,250,290,290,210,160,170,210,250,250,210,250,330,210,210,250,330,210,250,250,290,250,250,320,330,170,160,150,120,160,150,120,90,120,150,160,150,130,130,120,130,170,130,160,170,130,90,120,180,160,170,170,170,150,160,180
1002E,2008,8,SEÑORIO DE BERTIZ,146,NAVARRA,210,250,290,250,310,320,240,210,250,250,260,210,210,170,170,250,250,290,170,250,290,200,210,250,210,250,250,250,340,330,250,170,160,160,180,180,160,170,160,160,120,160,180,150,130,120,120,160,130,170,160,130,140,130,120,130,150,160,160,160,160,170
1002E,2008,9,SEÑORIO DE BERTIZ,146,NAVARRA,260,250,250,220,260,210,210,290,270,300,200,170,170,200,230,210,280,210,210,220,250,200,200,200,210,200,240,250,210,170,,160,160,150,150,160,160,120,120,150,150,160,120,120,120,110,100,100,150,160,130,120,110,120,80,80,70,80,80,80,90,
1002E,2008,10,SEÑORIO DE BERTIZ,146,NAVARRA,170,160,130,150,210,250,170,150,165,230,230,235,250,180,245,190,210,180,200,230,200,120,130,170,170,195,150,90,90,110,100,120,90,95,80,45,50,65,85,80,70,80,130,150,160,160,140,140,110,70,90,130,80,40,30,40,60,70,80,40,40,60
1002E,2008,11,SEÑORIO DE BERTIZ,146,NAVARRA,160,80,90,160,100,130,120,170,170,170,130,90,100,100,130,90,90,100,90,90,130,120,90,70,50,70,90,90,90,80,,70,70,70,50,50,70,50,80,60,70,80,80,70,30,40,70,80,80,80,70,80,85,90,60,20,-10,20,-20,0,70,
1002E,2008,12,SEÑORIO DE BERTIZ,146,NAVARRA,60,70,75,130,120,115,170,120,90,50,40,70,75,50,80,90,90,90,90,90,130,80,90,90,50,40,90,130,90,130,140,45,20,40,60,60,70,70,60,70,20,10,10,40,30,10,10,60,60,50,40,40,0,-30,-25,-25,0,20,0,80,80,100
1002E,2009,1,SEÑORIO DE BERTIZ,146,NAVARRA,140,140,90,90,50,30,0,0,50,50,90,90,50,130,90,130,130,140,130,90,60,100,140,80,90,80,70,90,130,170,130,80,60,50,30,40,20,-10,-10,-50,-40,-30,-40,-20,40,0,-10,0,30,90,10,30,30,60,70,40,40,40,60,60,50,90
1002E,2009,2,SEÑORIO DE BERTIZ,146,NAVARRA,120,90,90,130,130,60,40,70,150,100,110,90,90,90,110,90,100,90,130,130,130,110,90,90,170,170,200,170,,,,60,40,30,40,90,50,20,30,40,80,50,60,0,0,0,-20,-30,0,50,20,0,40,65,60,0,20,10,20,,,
1002E,2009,3,SEÑORIO DE BERTIZ,146,NAVARRA,130,90,130,100,80,90,120,130,130,170,130,210,250,170,140,210,210,250,240,210,160,120,170,90,130,200,180,90,120,130,130,40,80,30,40,30,50,50,80,50,0,30,50,50,40,50,40,40,40,40,30,0,0,0,0,10,30,40,60,50,40,40
1002E,2009,4,SEÑORIO DE BERTIZ,146,NAVARRA,130,130,130,170,170,210,130,130,210,140,90,130,170,170,130,160,170,170,130,130,130,170,250,250,90,90,160,130,130,170,,70,40,80,40,80,50,80,60,40,90,50,50,80,50,60,40,70,40,50,80,90,80,70,40,90,70,80,80,90,80,
1002E,2009,5,SEÑORIO DE BERTIZ,146,NAVARRA,130,170,170,130,170,280,200,130,250,210,280,250,210,130,130,250,170,170,200,290,170,250,250,170,210,160,170,250,290,280,250,80,90,80,110,80,80,100,120,120,120,130,120,120,120,90,80,100,120,120,120,130,140,150,160,130,120,90,80,100,120,120
1002E,2009,6,SEÑORIO DE BERTIZ,146,NAVARRA,250,250,280,240,170,210,210,210,220,250,210,290,330,250,210,200,290,250,180,210,210,250,260,260,250,240,290,320,330,320,,120,90,120,120,160,120,130,140,80,130,160,130,160,200,190,160,160,180,180,130,120,120,110,140,140,160,120,140,160,190,
1002E,2009,7,SEÑORIO DE BERTIZ,146,NAVARRA,330,220,260,210,250,210,210,210,210,250,330,290,290,250,250,320,190,220,250,340,365,330,280,250,250,330,210,290,250,210,290,160,200,200,190,180,160,160,130,140,120,130,160,160,160,160,160,160,130,140,130,180,160,160,160,130,130,170,170,160,170,120
1002E,2009,8,SEÑORIO DE BERTIZ,146,NAVARRA,290,210,250,330,290,240,190,170,210,210,240,270,260,290,380,320,250,330,370,250,240,280,370,220,210,320,330,210,210,250,360,130,160,160,130,160,200,170,160,160,160,170,180,160,170,170,170,190,200,200,170,180,160,130,180,180,160,160,200,160,110,120
1002E,2009,9,SEÑORIO DE BERTIZ,146,NAVARRA,210,280,210,170,210,320,290,330,280,280,250,250,240,170,210,170,210,140,140,170,210,200,250,240,220,210,250,240,250,210,,160,170,160,160,110,100,120,150,160,150,160,140,150,120,90,120,120,120,120,120,130,150,150,150,140,140,140,140,150,150,
1002E,2009,10,SEÑORIO DE BERTIZ,146,NAVARRA,210,200,210,240,210,290,290,210,210,210,170,170,170,170,130,130,130,130,170,170,170,130,130,210,170,210,250,250,210,210,210,160,130,100,80,90,160,150,160,140,140,150,150,70,60,50,0,10,20,10,130,100,80,110,130,130,130,80,90,100,90,120
1002E,2009,11,SEÑORIO DE BERTIZ,146,NAVARRA,220,130,170,120,70,130,100,90,90,110,130,170,180,200,190,210,170,130,210,180,210,180,170,170,170,160,90,130,120,60,,120,100,100,100,70,70,100,70,70,40,50,80,100,120,90,120,130,90,60,80,80,70,60,20,40,90,30,30,50,50,
1002E,2009,12,SEÑORIO DE BERTIZ,146,NAVARRA,90,150,100,90,150,140,170,160,130,130,130,90,50,30,35,40,30,10,10,50,120,130,140,170,90,70,120,150,130,170,130,60,50,50,80,60,80,120,70,40,30,20,40,30,10,0,-20,0,-40,-10,-40,-50,100,40,40,50,40,30,50,120,80,90
1002E,2010,1,SEÑORIO DE BERTIZ,146,NAVARRA,90,100,90,125,50,75,45,10,10,40,80,50,100,90,130,130,130,130,130,130,90,160,90,80,50,70,40,60,90,60,50,40,50,45,40,40,10,0,-10,-10,0,-10,-40,0,40,30,40,80,50,50,80,40,10,50,70,35,-20,0,0,10,50,20
1002E,2010,2,SEÑORIO DE BERTIZ,146,NAVARRA,80,90,140,130,130,120,120,90,50,50,10,0,10,10,80,90,90,130,90,130,120,150,170,160,170,160,190,180,,,,0,0,-20,0,50,40,60,40,40,20,-30,-30,-20,-10,-30,-20,0,30,40,30,10,80,120,70,80,70,40,100,,,
1002E,2010,3,SEÑORIO DE BERTIZ,146,NAVARRA,170,180,110,160,90,130,90,50,50,10,50,50,90,80,130,170,210,190,210,210,120,170,210,210,190,170,160,210,210,110,160,60,20,40,80,40,10,-10,-10,-30,-20,0,0,30,10,40,-20,10,100,120,160,110,100,40,80,120,80,80,50,70,80,80
1002E,2010,4,SEÑORIO DE BERTIZ,146,NAVARRA,120,170,170,130,210,210,130,130,170,210,170,130,130,170,130,200,210,210,210,210,250,160,160,250,200,250,250,290,290,170,,40,40,90,70,30,50,90,80,40,40,50,70,40,40,70,40,40,90,120,80,90,130,120,110,120,80,90,90,160,135,
1002E,2010,5,SEÑORIO DE BERTIZ,146,NAVARRA,130,130,100,70,90,130,170,170,170,210,160,130,130,160,90,130,170,210,170,210,250,280,290,290,290,240,210,170,210,180,240,110,90,80,70,70,80,40,90,120,80,80,90,80,40,70,80,80,80,80,80,80,90,100,130,160,130,120,130,80,100,160
1002E,2010,6,SEÑORIO DE BERTIZ,146,NAVARRA,250,210,250,250,330,180,290,210,210,230,210,200,180,170,160,160,130,160,170,160,190,210,250,280,290,290,250,250,250,260,,140,150,100,100,140,150,160,140,140,150,160,140,150,140,120,130,120,120,120,120,100,80,90,120,130,140,160,160,160,160,
1002E,2010,7,SEÑORIO DE BERTIZ,146,NAVARRA,330,290,250,210,250,250,320,380,250,320,240,250,290,250,290,210,200,290,290,250,200,200,210,210,200,210,280,270,210,250,290,170,190,160,180,170,160,130,160,200,150,160,200,200,200,160,160,160,160,130,120,180,160,150,130,140,140,150,160,170,160,150
1002E,2010,8,SEÑORIO DE BERTIZ,146,NAVARRA,210,210,240,210,210,240,290,250,210,290,250,210,210,210,190,210,290,250,290,330,370,330,290,210,330,370,250,210,240,210,250,160,160,160,140,170,120,120,130,190,160,150,160,150,120,140,130,130,130,150,170,170,180,200,180,150,160,200,160,120,120,110
1002E,2010,9,SEÑORIO DE BERTIZ,146,NAVARRA,290,250,290,280,330,330,250,210,210,250,280,210,210,250,250,170,160,210,210,250,290,290,250,170,160,170,170,170,240,170,,120,160,150,120,120,120,160,120,140,110,120,120,120,100,120,120,140,130,80,80,90,150,150,150,130,100,80,90,70,100,
1002E,2010,10,SEÑORIO DE BERTIZ,146,NAVARRA,250,290,230,160,240,250,250,250,250,150,170,160,170,170,170,130,130,130,150,130,170,170,170,160,120,130,170,220,210,150,165,110,120,130,130,80,120,140,160,170,130,130,130,120,90,80,90,60,50,20,40,50,50,50,110,70,10,0,10,80,70,80
1002E,2010,11,SEÑORIO DE BERTIZ,146,NAVARRA,130,130,170,170,210,170,110,90,130,90,115,210,170,150,130,130,90,110,125,130,90,80,120,90,80,80,60,80,50,90,,115,110,110,120,120,80,80,70,60,80,50,80,90,120,40,50,40,60,40,40,70,60,60,50,40,20,0,-20,-25,0,
1002E,2010,12,SEÑORIO DE BERTIZ,146,NAVARRA,50,50,20,100,140,170,170,170,75,90,90,90,90,80,30,40,50,80,120,130,110,170,80,50,40,40,90,130,170,130,160,10,0,0,0,50,100,90,160,70,0,-30,-20,0,0,-25,-60,-50,0,0,0,40,80,70,30,0,-60,-50,10,50,80,40
1002E,2011,1,SEÑORIO DE BERTIZ,146,NAVARRA,120,80,50,90,150,170,160,170,90,130,130,90,125,170,170,170,170,90,90,90,50,10,50,50,50,70,110,90,85,50,50,0,30,25,0,0,80,150,140,80,30,40,90,85,30,20,40,40,40,40,20,-30,0,-20,-50,-50,-40,-30,20,30,40,30
1002E,2011,2,SEÑORIO DE BERTIZ,146,NAVARRA,50,80,90,130,170,200,210,170,170,170,170,90,130,90,130,130,130,170,115,170,125,110,130,130,170,90,90,90,,,,30,30,40,40,10,0,0,0,0,0,50,10,10,40,50,40,30,40,60,50,50,70,90,90,80,50,60,30,,,
1002E,2011,3,SEÑORIO DE BERTIZ,146,NAVARRA,80,70,90,130,170,160,170,160,170,170,200,170,160,170,170,125,115,130,130,130,170,130,170,170,200,210,170,160,170,130,210,20,40,20,0,0,0,0,30,90,30,40,100,80,80,80,80,110,80,80,80,40,40,20,40,120,80,90,90,90,80,80
1002E,2011,4,SEÑORIO DE BERTIZ,146,NAVARRA,250,250,130,130,250,290,290,290,270,130,130,160,210,170,170,210,250,250,250,210,250,170,170,170,160,170,200,170,210,240,,80,120,120,90,70,90,120,120,120,120,120,110,60,70,70,50,60,120,160,120,150,140,80,100,120,130,110,120,80,90,
1002E,2011,5,SEÑORIO DE BERTIZ,146,NAVARRA,210,200,170,200,250,240,210,250,285,290,280,170,250,150,170,210,250,250,250,210,250,200,290,190,330,170,170,210,320,260,130,120,120,120,80,80,100,120,120,90,120,150,160,130,140,80,80,80,90,140,120,160,160,120,160,120,150,120,80,90,160,120
1002E,2011,6,SEÑORIO DE BERTIZ,146,NAVARRA,170,170,210,240,240,170,160,170,210,160,200,280,240,250,250,170,290,190,250,290,270,190,200,210,300,370,370,190,160,200,,90,120,120,120,120,150,130,120,120,130,80,100,120,160,160,160,120,150,120,120,160,180,150,90,100,160,170,180,140,120,
1002E,2011,7,SEÑORIO DE BERTIZ,146,NAVARRA,240,290,250,250,290,210,170,290,250,200,290,210,200,210,250,250,170,210,160,210,170,200,170,170,190,200,210,210,240,250,250,90,90,140,90,120,150,150,80,140,170,170,170,150,160,120,150,140,120,130,130,130,150,130,130,140,160,160,160,160,140,140
1002E,2011,8,SEÑORIO DE BERTIZ,146,NAVARRA,320,290,240,290,250,290,250,210,210,250,280,210,290,240,250,290,280,240,290,380,370,330,250,200,310,210,210,250,210,290,290,120,170,190,160,160,170,160,150,120,120,120,140,180,160,170,180,180,190,200,200,200,200,200,180,160,150,130,110,120,140,160
1002E,2011,9,SEÑORIO DE BERTIZ,146,NAVARRA,290,290,200,210,170,250,250,250,320,330,240,290,250,210,320,240,210,160,170,210,250,210,250,200,250,300,300,290,290,290,,170,170,170,160,130,100,120,120,140,160,160,120,140,150,160,160,170,140,120,120,110,130,150,160,140,130,120,120,130,120,
1002E,2011,10,SEÑORIO DE BERTIZ,146,NAVARRA,290,290,250,260,240,210,160,170,170,240,250,190,170,210,250,210,250,210,130,150,170,210,240,170,170,180,210,130,170,180,210,120,90,80,60,130,120,120,110,120,100,120,120,150,100,100,100,90,70,80,80,30,40,80,150,80,40,130,120,110,110,80
1002E,2011,11,SEÑORIO DE BERTIZ,146,NAVARRA,200,200,200,150,130,130,130,170,200,200,210,210,210,190,170,170,170,170,170,180,200,90,160,170,130,130,130,130,130,130,,80,120,190,110,100,120,120,100,80,90,100,80,90,160,110,70,70,50,50,50,60,40,50,80,40,40,30,20,40,20,
1002E,2011,12,SEÑORIO DE BERTIZ,146,NAVARRA,130,90,90,130,110,90,160,170,120,130,130,130,130,120,150,160,90,50,70,130,130,110,130,90,50,90,130,80,80,90,100,40,60,50,60,80,80,80,80,40,30,40,40,40,100,40,80,60,30,40,40,70,100,50,60,-10,-20,-10,-10,0,60,70
1002E,2012,1,SEÑORIO DE BERTIZ,146,NAVARRA,170,115,130,130,130,120,130,90,90,120,90,90,90,50,130,90,130,120,120,120,120,120,110,90,130,90,90,50,40,90,60,80,80,50,40,20,40,70,80,60,10,0,-10,50,30,-20,0,20,0,30,80,80,80,90,70,10,0,50,30,20,0,0
1002E,2012,2,SEÑORIO DE BERTIZ,146,NAVARRA,50,0,10,20,50,40,40,-10,0,50,40,20,50,50,50,90,90,130,90,90,90,130,170,170,90,130,130,170,210,,,10,-10,-40,-40,-30,30,10,-50,-20,-20,-70,-80,-30,0,10,40,30,-10,0,-20,-40,-50,-40,-30,40,70,70,0,10,,
1002E,2012,3,SEÑORIO DE BERTIZ,146,NAVARRA,170,210,170,130,90,90,120,90,130,130,130,170,210,250,250,210,200,130,90,90,80,170,210,240,250,250,240,250,230,210,210,10,10,40,40,40,30,10,20,0,10,30,70,40,40,40,50,60,50,50,30,40,40,30,60,40,40,50,40,40,40,40
1002E,2012,4,SEÑORIO DE BERTIZ,146,NAVARRA,170,200,110,180,100,130,130,120,210,170,130,130,90,90,90,90,160,130,90,130,130,130,130,150,210,170,170,100,170,130,,50,70,100,80,80,80,40,80,90,100,80,80,70,70,50,50,0,50,70,80,80,80,50,80,90,100,110,90,80,80,
1002E,2012,5,SEÑORIO DE BERTIZ,146,NAVARRA,170,210,250,190,170,170,240,250,290,320,300,170,170,210,170,210,250,160,140,120,130,130,210,250,320,200,240,250,290,250,250,80,80,80,120,120,80,40,120,130,160,170,160,130,80,80,80,90,120,110,100,90,100,120,120,130,160,90,120,120,130,160
1002E,2012,6,SEÑORIO DE BERTIZ,146,NAVARRA,330,280,210,210,290,240,250,170,210,200,210,170,200,290,320,290,280,170,240,290,250,210,250,270,280,290,330,290,210,250,,160,170,150,120,100,120,160,140,80,100,160,120,120,90,120,120,160,160,150,160,170,90,120,160,120,160,160,170,160,130,
1002E,2012,7,SEÑORIO DE BERTIZ,146,NAVARRA,170,230,290,240,200,210,310,210,170,200,170,250,330,210,210,250,290,330,210,210,240,250,280,320,330,360,310,210,210,250,330,130,120,120,150,150,160,120,160,150,160,150,120,120,150,120,120,120,120,120,170,160,160,120,120,140,170,180,170,160,130,120
1002E,2012,8,SEÑORIO DE BERTIZ,146,NAVARRA,290,250,250,250,200,240,320,350,370,400,290,250,290,330,250,330,410,400,330,330,320,290,290,290,190,250,360,290,250,200,200,160,160,160,160,170,150,130,160,160,170,180,160,160,160,170,160,160,200,200,210,210,200,160,160,160,150,120,150,200,160,120
1002E,2012,9,SEÑORIO DE BERTIZ,146,NAVARRA,200,210,210,210,250,250,320,320,290,280,280,190,200,210,240,260,250,170,210,290,310,290,320,230,210,210,210,170,160,170,,120,80,80,150,160,160,160,150,140,160,180,180,130,120,120,110,120,160,150,90,150,150,160,150,120,110,110,120,120,100,
1002E,2012,10,SEÑORIO DE BERTIZ,146,NAVARRA,200,210,240,210,240,250,210,290,250,210,210,160,170,170,160,170,220,210,150,140,170,190,210,210,170,170,115,90,130,170,150,70,70,80,100,110,120,120,140,150,150,150,120,100,80,90,80,100,160,130,130,130,130,100,100,120,130,110,40,20,0,30
1002E,2012,11,SEÑORIO DE BERTIZ,146,NAVARRA,170,190,170,130,130,130,130,160,170,170,130,130,130,190,210,200,170,130,170,170,130,160,160,170,130,110,80,50,50,50,,30,70,80,120,50,50,20,40,120,90,80,40,10,40,50,60,60,110,70,30,40,50,80,100,110,90,60,30,40,20,
1002E,2012,12,SEÑORIO DE BERTIZ,146,NAVARRA,50,80,130,90,90,130,90,80,50,50,80,80,130,130,160,170,110,130,130,130,160,170,180,200,130,130,90,160,130,120,120,-10,0,0,80,50,60,40,60,20,-10,40,-20,0,90,60,40,80,60,80,110,80,50,30,80,100,60,20,40,80,30,0
1002E,2013,1,SEÑORIO DE BERTIZ,146,NAVARRA,90,90,130,130,80,80,50,90,80,130,130,90,50,80,80,90,70,140,130,70,70,90,50,80,100,120,120,130,150,170,200,10,70,20,-10,0,40,40,30,10,10,40,0,10,20,40,60,30,40,70,50,50,-10,0,30,0,20,40,60,20,40,80
1002E,2013,2,SEÑORIO DE BERTIZ,146,NAVARRA,170,80,80,100,120,80,50,50,50,90,90,60,90,90,130,130,130,130,160,170,130,90,10,10,40,50,90,90,,,,60,40,0,50,80,40,20,40,20,40,30,40,40,50,80,0,0,20,30,20,40,50,-10,0,0,0,-20,0,,,
1002E,2013,3,SEÑORIO DE BERTIZ,146,NAVARRA,120,90,170,170,160,210,210,170,170,170,170,90,20,50,90,120,90,120,140,130,200,210,170,170,130,130,170,130,100,130,170,30,10,-10,20,120,90,110,70,60,80,40,70,10,0,0,0,80,30,40,60,10,50,60,40,60,90,100,90,90,120,50
1002E,2013,4,SEÑORIO DE BERTIZ,146,NAVARRA,130,130,210,100,70,90,130,130,130,210,190,170,250,290,250,250,290,150,130,130,160,130,170,240,250,130,120,120,130,170,,80,90,50,50,50,10,20,70,80,50,90,80,70,100,90,90,100,90,80,40,40,50,80,40,80,120,50,30,40,80,
1002E,2013,5,SEÑORIO DE BERTIZ,146,NAVARRA,170,120,130,170,210,250,210,170,150,160,160,130,170,250,90,130,160,100,130,170,110,130,130,130,130,210,170,130,120,120,130,80,90,90,90,80,80,120,130,120,110,80,90,90,100,70,80,60,60,80,80,40,50,110,80,80,40,80,90,80,80,110
1002E,2013,6,SEÑORIO DE BERTIZ,146,NAVARRA,130,130,170,210,290,280,240,140,170,210,250,290,170,290,210,330,250,150,170,130,170,250,170,170,190,210,210,210,170,210,,110,110,110,80,80,120,160,120,120,120,130,120,160,120,120,130,160,130,120,120,120,120,130,120,120,120,120,120,120,130,
1002E,2013,7,SEÑORIO DE BERTIZ,146,NAVARRA,240,250,210,230,280,290,290,290,330,290,290,330,290,280,290,290,250,250,310,330,310,330,290,310,290,330,290,290,250,290,370,120,130,160,170,160,160,120,160,180,160,170,200,170,160,160,170,170,160,160,180,170,160,200,200,210,200,200,170,130,160,160
1002E,2013,8,SEÑORIO DE BERTIZ,146,NAVARRA,370,370,250,290,210,210,210,210,250,250,290,270,250,250,290,250,280,290,200,250,330,290,210,210,230,210,210,240,240,250,240,170,200,180,190,170,180,170,150,130,140,160,160,160,130,120,130,160,160,160,160,120,130,180,170,130,140,150,150,120,140,120
1002E,2013,9,SEÑORIO DE BERTIZ,146,NAVARRA,240,250,330,330,330,250,170,170,240,170,210,200,210,250,210,210,170,170,190,220,210,270,290,290,290,330,290,270,210,250,,150,120,120,120,140,150,150,140,120,120,120,120,140,140,130,90,100,130,140,140,130,110,120,120,160,160,160,160,160,150,
1002E,2013,10,SEÑORIO DE BERTIZ,146,NAVARRA,250,290,290,250,170,210,170,170,170,130,130,170,210,210,190,250,250,270,240,250,220,210,240,230,250,210,200,200,120,150,150,160,160,170,160,130,130,100,110,120,80,60,50,40,60,120,150,150,120,130,130,110,130,120,110,130,160,100,140,90,80,40
1002E,2013,11,SEÑORIO DE BERTIZ,146,NAVARRA,170,210,130,150,170,210,210,160,140,130,130,130,130,120,90,90,80,90,90,80,90,50,50,50,50,50,50,90,50,80,,40,70,120,100,120,150,110,100,60,80,120,120,120,90,50,40,40,70,70,30,40,30,40,40,40,0,-30,-40,-20,30,
1002E,2013,12,SEÑORIO DE BERTIZ,146,NAVARRA,50,50,130,130,90,90,130,130,120,130,120,90,90,130,160,180,130,130,90,90,90,130,130,130,130,80,160,90,50,100,130,10,30,-20,-20,70,30,0,-10,-20,-20,0,10,-10,0,0,50,90,50,70,40,0,20,0,120,80,40,40,50,40,10,30
1002E,2014,1,SEÑORIO DE BERTIZ,146,NAVARRA,130,150,170,130,140,130,170,170,170,170,150,130,130,90,130,130,130,110,50,50,130,90,90,120,130,130,60,80,90,60,120,40,80,110,80,40,60,120,100,120,20,40,50,80,70,50,70,60,60,20,40,40,50,60,60,80,100,50,30,10,30,40
1002E,2014,2,SEÑORIO DE BERTIZ,146,NAVARRA,80,90,90,100,130,170,120,130,90,80,50,130,160,190,130,130,120,120,120,170,90,130,170,170,140,80,130,80,,,,50,20,0,0,70,40,60,90,10,40,10,20,50,80,90,50,0,60,50,40,50,0,0,60,90,30,40,40,,,
1002E,2014,3,SEÑORIO DE BERTIZ,146,NAVARRA,80,130,130,110,110,130,200,190,210,210,170,200,170,210,130,170,250,120,170,250,210,110,90,90,90,80,130,170,210,170,200,50,60,50,70,70,70,30,30,40,20,10,50,40,20,40,80,30,50,80,40,70,90,0,0,70,40,40,40,50,90,90
1002E,2014,4,SEÑORIO DE BERTIZ,146,NAVARRA,200,210,130,170,210,250,250,130,210,250,170,130,170,210,250,250,210,240,170,130,210,170,200,170,170,160,170,130,170,170,,120,120,100,100,90,90,100,110,50,80,100,120,100,80,100,80,50,40,50,100,70,80,80,90,80,80,70,90,120,120,
1002E,2014,5,SEÑORIO DE BERTIZ,146,NAVARRA,140,140,170,170,250,210,210,210,170,240,170,170,130,170,210,180,210,240,250,210,210,170,170,170,130,170,200,130,170,160,170,120,100,110,80,50,120,120,120,120,120,120,80,80,80,50,40,40,50,130,120,130,120,80,80,110,100,120,90,80,80,120
1002E,2014,6,SEÑORIO DE BERTIZ,146,NAVARRA,170,170,210,135,280,290,290,290,290,210,250,290,250,210,210,210,210,230,280,330,290,250,280,210,210,190,250,250,210,250,,130,120,120,130,80,130,130,120,120,160,160,160,170,140,170,160,120,120,120,120,170,200,160,160,160,160,130,150,140,120,
1002E,2014,7,SEÑORIO DE BERTIZ,146,NAVARRA,250,200,210,210,290,250,170,200,170,200,170,170,250,210,280,320,330,320,250,210,210,250,250,250,250,250,250,210,210,210,250,130,160,160,160,160,160,150,120,140,130,130,140,120,150,160,170,180,200,200,160,160,160,160,160,180,170,160,170,160,160,160
1002E,2014,8,SEÑORIO DE BERTIZ,146,NAVARRA,250,250,250,210,250,250,270,320,280,290,210,250,170,210,200,210,250,210,210,210,210,170,210,250,300,290,290,250,210,190,240,200,170,160,170,160,160,160,180,200,200,170,160,160,140,140,130,130,140,160,150,120,120,120,120,120,150,160,180,170,160,170
1002E,2014,9,SEÑORIO DE BERTIZ,146,NAVARRA,250,250,290,250,250,320,320,280,290,290,270,250,250,250,250,290,280,290,280,250,250,200,200,170,210,210,250,210,210,200,,160,150,130,130,140,150,170,170,180,170,160,160,120,120,130,140,150,160,160,140,150,160,150,110,100,120,100,120,140,160,
1002E,2014,10,SEÑORIO DE BERTIZ,146,NAVARRA,210,250,250,210,170,210,250,250,170,170,190,210,200,210,190,250,250,290,260,240,250,170,210,210,240,250,210,210,250,250,210,150,140,130,120,120,80,110,130,160,150,140,160,120,120,120,120,130,130,120,120,110,110,60,40,40,90,90,90,90,90,90
1002E,2014,11,SEÑORIO DE BERTIZ,146,NAVARRA,210,170,170,110,90,130,130,140,130,130,130,170,170,170,160,130,110,130,200,210,210,200,230,170,170,170,170,170,130,130,,90,100,90,100,70,70,80,50,80,40,60,60,80,130,70,80,80,50,70,80,110,130,110,110,120,120,60,140,110,120,
1002E,2014,12,SEÑORIO DE BERTIZ,146,NAVARRA,110,90,90,90,90,50,70,90,70,90,90,130,130,90,120,90,120,110,90,90,130,130,130,130,90,110,90,70,50,50,90,100,80,50,30,40,40,10,40,30,0,20,40,50,60,70,60,80,80,80,80,70,10,0,-20,0,60,80,60,-10,-40,-40
1002E,2015,1,SEÑORIO DE BERTIZ,146,NAVARRA,90,90,130,90,150,80,120,120,160,130,90,140,130,120,130,90,90,70,70,50,50,50,70,90,90,60,90,80,130,80,70,-60,-40,-40,30,50,10,30,0,50,50,60,-20,60,40,50,60,20,0,50,20,10,20,20,20,-10,10,20,50,50,70,50
1002E,2015,2,SEÑORIO DE BERTIZ,146,NAVARRA,45,90,50,30,50,10,50,50,90,130,120,130,130,90,90,90,70,80,160,130,80,90,90,90,100,100,90,100,,,,40,10,10,-20,0,-30,0,0,-30,-40,-40,40,40,50,60,40,50,40,0,20,30,40,60,40,40,90,60,40,,,
1002E,2015,3,SEÑORIO DE BERTIZ,146,NAVARRA,180,130,160,90,90,170,230,170,210,210,130,210,120,50,90,130,170,170,130,90,90,90,90,90,90,110,130,170,170,150,150,50,110,100,60,20,0,0,0,0,10,20,50,50,20,40,40,30,40,50,70,60,80,40,70,40,50,60,80,100,90,110
1002E,2015,4,SEÑORIO DE BERTIZ,146,NAVARRA,130,170,170,130,140,170,210,210,210,210,160,250,280,290,210,200,170,250,130,210,250,210,210,250,250,200,130,170,170,240,,100,20,50,60,80,20,20,60,80,120,120,80,80,80,120,120,120,90,100,80,80,100,120,80,120,130,110,80,80,80,
1002E,2015,5,SEÑORIO DE BERTIZ,146,NAVARRA,190,250,240,280,200,170,290,210,190,310,320,290,290,170,130,170,170,210,130,130,170,160,160,170,170,170,210,210,160,210,250,100,120,160,160,110,90,80,110,100,120,120,120,160,150,110,120,120,120,110,90,90,80,100,120,130,110,100,90,140,80,90
1002E,2015,6,SEÑORIO DE BERTIZ,146,NAVARRA,250,260,210,330,320,200,250,250,210,170,210,210,210,210,210,170,210,210,170,210,250,310,240,250,290,320,250,280,290,370,,120,160,170,160,160,170,160,160,130,130,130,160,160,130,120,140,130,120,120,140,120,140,160,130,120,140,170,160,160,180,
1002E,2015,7,SEÑORIO DE BERTIZ,146,NAVARRA,370,240,360,290,240,330,250,210,250,360,210,250,250,290,290,330,280,330,290,290,290,250,280,290,210,280,210,260,200,170,210,200,200,170,170,200,160,210,180,120,120,170,170,160,170,160,190,190,200,200,180,160,190,180,190,160,120,160,160,160,140,150
1002E,2015,8,SEÑORIO DE BERTIZ,146,NAVARRA,210,320,290,200,320,290,210,170,190,280,320,330,250,210,200,250,240,240,250,290,330,260,270,210,290,330,290,320,370,330,310,160,120,150,170,170,170,200,160,160,140,160,160,200,150,160,120,130,120,120,130,130,160,160,120,120,140,160,160,170,180,200
1002E,2015,9,SEÑORIO DE BERTIZ,146,NAVARRA,210,200,200,210,170,210,210,250,280,210,290,210,220,250,230,240,170,210,210,210,240,190,170,210,210,210,210,240,210,210,,170,120,150,120,120,110,100,90,100,130,130,150,160,130,120,140,110,100,100,110,80,110,130,110,100,120,120,110,110,120,
1002E,2015,10,SEÑORIO DE BERTIZ,146,NAVARRA,210,170,170,220,240,210,170,170,210,210,220,190,170,130,130,170,190,210,170,150,130,130,210,210,200,210,210,170,210,230,210,100,120,100,80,170,170,120,100,90,80,80,120,120,70,20,30,50,150,130,120,90,80,90,120,120,120,130,110,90,90,140
1002E,2015,11,SEÑORIO DE BERTIZ,146,NAVARRA,210,170,170,210,190,250,250,250,210,210,160,200,130,170,200,170,170,210,170,170,95,50,40,120,120,130,140,90,130,130,,120,80,90,90,90,90,100,80,100,90,90,100,70,80,60,40,50,50,90,90,90,40,0,0,90,110,70,80,60,20,
1002E,2015,12,SEÑORIO DE BERTIZ,146,NAVARRA,120,130,170,130,170,140,170,130,130,130,130,120,120,140,160,190,190,210,190,210,170,170,170,130,160,160,150,180,170,150,170,10,0,10,10,70,80,80,110,90,30,30,10,10,10,90,50,50,60,70,100,40,50,40,50,50,50,40,100,60,50,90
1002E,2016,1,SEÑORIO DE BERTIZ,146,NAVARRA,150,130,120,110,110,120,200,190,170,150,160,100,110,90,80,80,90,80,90,130,130,130,170,190,170,150,130,130,90,130,130,40,60,40,80,40,30,90,120,90,110,80,50,30,80,50,0,30,20,60,10,0,40,50,50,80,70,40,90,80,30,40
1002E,2016,2,SEÑORIO DE BERTIZ,146,NAVARRA,130,120,90,130,170,160,100,170,170,90,100,130,200,90,50,50,90,80,90,170,210,170,130,170,90,130,70,90,90,,,90,100,80,30,0,30,50,40,100,60,80,80,90,60,40,0,-30,0,30,-10,0,10,40,60,80,60,10,40,60,,
1002E,2016,3,SEÑORIO DE BERTIZ,146,NAVARRA,,,,,,,,,,,,,,,,,,,,,,,,,,,,,,,,40,,,,,,,,,,,,,,,,,,,,,,,,,,,,,,
1002E,2016,5,SEÑORIO DE BERTIZ,146,NAVARRA,,,,250,,240,200,200,210,210,200,170,130,130,165,170,210,210,,250,290,170,170,245,250,250,270,250,200,170,170,,,,,90,,110,140,120,110,120,80,110,105,115,130,120,120,120,,120,125,80,80,,130,140,150,120,120,130
1002E,2016,6,SEÑORIO DE BERTIZ,146,NAVARRA,210,200,250,250,250,240,250,290,290,170,170,200,200,210,210,170,170,160,205,250,320,330,330,210,150,180,210,250,200,250,,110,130,150,150,165,140,160,150,150,160,130,110,140,130,130,100,100,115,110,120,130,140,160,180,150,110,120,120,150,140,
1002E,2016,7,SEÑORIO DE BERTIZ,146,NAVARRA,210,200,250,280,210,250,310,210,280,300,210,200,200,210,240,250,330,370,360,245,210,210,210,210,220,250,250,250,280,240,210,160,160,140,130,140,160,160,190,180,180,130,150,140,130,90,100,100,160,170,170,175,170,160,170,160,170,170,160,160,170,190
1002E,2016,8,SEÑORIO DE BERTIZ,146,NAVARRA,240,285,285,250,250,250,290,250,240,235,240,290,350,360,330,320,210,210,310,180,230,290,370,370,370,330,385,220,240,250,280,150,120,125,160,165,165,125,150,150,115,100,90,90,150,160,160,195,175,120,120,120,120,120,150,170,160,180,210,170,160,140
1002E,2016,9,SEÑORIO DE BERTIZ,146,NAVARRA,290,300,370,320,290,310,370,210,210,270,330,350,290,200,210,170,150,210,170,200,250,250,250,250,220,250,170,250,280,280,,160,130,140,130,175,150,130,160,160,160,150,160,170,150,100,120,120,120,130,120,140,140,140,120,120,140,120,120,120,120,
1002E,2016,10,SEÑORIO DE BERTIZ,146,NAVARRA,170,210,270,250,170,200,210,170,170,170,170,170,170,130,200,210,210,200,210,130,165,200,210,170,240,210,205,210,250,210,250,140,130,120,120,130,130,90,110,110,50,40,90,110,120,80,90,130,130,100,90,40,40,120,130,120,120,120,100,60,65,45
1002E,2016,11,SEÑORIO DE BERTIZ,146,NAVARRA,205,210,210,160,140,110,90,110,90,120,120,130,130,130,130,130,170,130,170,160,170,90,50,120,130,100,170,90,130,160,,50,50,60,70,70,100,30,40,50,75,110,90,80,85,60,50,50,50,80,130,130,80,40,0,0,0,40,40,40,40,
1002E,2016,12,SEÑORIO DE BERTIZ,146,NAVARRA,170,170,130,200,170,170,140,175,170,180,160,170,170,130,130,120,130,85,70,60,80,110,130,140,130,90,80,170,130,130,110,10,10,0,120,140,30,10,10,100,-10,20,0,10,60,-10,50,40,30,10,50,40,60,60,100,90,50,20,0,-20,0,-20
1002E,2017,1,SEÑORIO DE BERTIZ,146,NAVARRA,80,90,110,90,90,100,90,50,90,80,130,170,85,50,110,90,50,0,40,80,95,50,90,90,85,110,110,130,150,170,200,-25,-20,-30,-45,-55,-40,-45,-60,0,10,50,90,40,10,40,40,0,-30,-10,-50,-45,-40,-25,-20,-20,-20,60,10,30,40,70
1002E,2017,2,SEÑORIO DE BERTIZ,146,NAVARRA,170,165,170,130,110,110,85,110,110,130,90,170,170,170,170,170,210,180,130,110,170,210,170,90,170,175,170,130,,,,80,110,55,90,70,40,60,45,10,70,0,40,110,40,40,45,20,10,40,65,10,30,50,40,0,10,40,60,,,
1002E,2017,3,SEÑORIO DE BERTIZ,146,NAVARRA,170,210,205,90,130,135,130,200,240,270,260,140,100,160,170,240,210,130,170,170,120,155,120,130,100,170,170,210,250,250,210,30,40,50,80,40,80,80,80,85,60,40,110,90,80,80,50,40,85,40,90,90,40,30,30,40,60,80,70,60,90,70
1002E,2017,4,SEÑORIO DE BERTIZ,146,NAVARRA,110,130,170,150,140,170,210,250,250,250,170,210,245,170,160,170,210,185,170,170,245,250,250,290,170,130,130,170,170,170,,80,90,60,70,90,60,60,80,85,80,100,80,50,60,80,60,80,80,40,0,-10,40,30,50,60,80,30,10,-10,110,
1002E,2017,5,SEÑORIO DE BERTIZ,146,NAVARRA,170,140,210,230,250,210,210,210,210,250,210,210,210,250,290,290,240,150,130,170,275,250,240,290,330,330,290,290,210,170,250,30,90,110,80,90,100,80,40,50,140,130,130,120,90,100,120,130,110,90,80,70,150,140,140,130,130,150,200,170,160,170
1002E,2017,6,SEÑORIO DE BERTIZ,146,NAVARRA,290,250,170,140,210,150,245,320,210,320,250,240,280,310,210,235,295,320,365,330,380,285,210,210,210,250,250,240,210,170,,150,160,150,120,130,130,130,100,150,160,165,170,180,170,170,170,160,160,200,200,185,170,185,170,160,190,175,165,120,115,
1002E,2017,7,SEÑORIO DE BERTIZ,146,NAVARRA,150,210,240,330,320,320,310,260,250,195,250,250,250,215,240,300,330,365,250,200,170,245,210,210,190,250,290,250,285,250,210,120,120,130,160,160,180,160,190,170,160,165,175,180,170,165,140,160,240,180,165,150,150,160,140,150,140,145,160,180,185,160
1002E,2017,8,SEÑORIO DE BERTIZ,146,NAVARRA,210,290,290,290,210,210,290,210,180,170,210,250,260,350,240,220,290,210,250,250,325,330,250,290,280,315,260,320,315,300,210,160,150,160,170,170,160,160,150,140,130,100,115,130,140,135,170,140,160,150,120,120,120,170,170,175,180,165,170,170,165,150
1002E,2017,9,SEÑORIO DE BERTIZ,146,NAVARRA,170,210,250,210,250,210,220,245,170,160,170,210,280,170,170,150,190,170,200,210,245,180,250,290,190,210,250,280,290,170,,110,110,120,130,140,160,140,110,120,120,130,130,120,130,100,110,75,90,120,80,70,80,110,120,120,140,100,100,120,120,
1002E,2017,10,SEÑORIO DE BERTIZ,146,NAVARRA,170,200,200,220,170,170,210,210,210,220,250,250,250,275,255,215,250,210,190,250,160,130,210,210,250,250,165,170,150,150,150,120,120,160,150,140,130,90,80,80,80,90,90,100,100,120,170,125,155,130,100,120,110,90,60,80,80,80,80,90,90,50
1002E,2017,11,SEÑORIO DE BERTIZ,146,NAVARRA,210,210,210,130,120,100,130,90,120,130,130,130,85,115,130,160,170,130,120,130,180,190,200,170,95,120,90,110,80,50,,70,100,100,90,90,80,10,10,40,50,110,110,55,5,5,5,10,30,35,10,0,0,90,120,90,40,10,-10,0,20,
1002E,2017,12,SEÑORIO DE BERTIZ,146,NAVARRA,45,50,45,90,90,130,120,80,100,160,125,90,110,120,85,80,60,90,85,90,110,90,90,145,90,90,110,120,140,160,165,10,5,-50,25,0,-20,0,40,50,60,80,15,10,50,60,40,20,40,40,30,40,30,50,30,0,50,50,40,30,55,80
1002E,2018,1,SEÑORIO DE BERTIZ,146,NAVARRA,130,130,170,180,150,15,20,90,90,90,60,80,90,60,90,90,90,130,90,120,110,130,130,170,140,100,100,130,160,90,170,35,40,80,90,90,10,5,-10,-30,-10,10,40,40,45,45,50,80,25,40,60,80,100,105,80,80,60,70,10,0,5,0
1002E,2018,2,SEÑORIO DE BERTIZ,146,NAVARRA,70,80,50,90,50,50,50,40,45,70,90,85,60,90,170,210,130,115,100,100,90,80,40,110,130,90,30,85,,,,50,20,20,40,40,20,20,10,-20,0,20,20,-5,30,40,40,80,50,55,85,50,20,-10,-20,0,20,-50,-45,,,
1002E,2018,3,SEÑORIO DE BERTIZ,146,NAVARRA,170,130,170,160,170,130,130,155,190,190,170,130,170,160,170,160,130,80,100,45,110,110,130,140,90,120,100,200,160,165,90,20,30,40,105,80,45,50,50,120,120,130,60,70,60,90,50,40,40,40,10,0,0,10,10,50,60,70,80,80,70,55
1002E,2018,4,SEÑORIO DE BERTIZ,146,NAVARRA,190,210,210,170,205,250,130,130,150,120,100,130,140,190,170,130,280,290,280,250,250,250,170,290,165,165,170,130,130,120,,30,110,120,120,90,95,110,85,70,70,80,80,70,70,80,90,60,80,150,120,110,120,135,140,140,100,80,90,90,70,
1002E,2018,5,SEÑORIO DE BERTIZ,146,NAVARRA,130,160,130,160,170,250,250,170,170,140,240,120,130,120,130,130,170,210,210,210,250,250,210,250,210,250,170,160,210,200,195,70,30,90,90,90,80,130,130,100,100,50,80,70,70,80,80,80,130,130,85,90,110,110,120,150,150,140,145,140,140,140
1002E,2018,6,SEÑORIO DE BERTIZ,146,NAVARRA,250,250,250,210,170,210,230,250,210,245,205,165,155,170,205,210,210,200,250,320,240,250,250,290,290,315,250,205,290,325,,155,160,140,150,130,140,130,140,140,120,135,120,130,130,100,120,115,120,160,150,160,190,125,130,130,135,190,175,180,180,
1002E,2018,7,SEÑORIO DE BERTIZ,146,NAVARRA,290,290,290,270,210,240,270,290,290,290,265,250,285,290,285,210,270,285,285,200,210,230,290,285,270,290,290,240,285,290,250,180,180,180,180,170,160,160,170,190,150,170,160,150,160,170,170,160,170,185,180,160,150,160,160,170,180,180,180,170,170,200
1002E,2018,8,SEÑORIO DE BERTIZ,146,NAVARRA,250,320,310,310,310,,210,250,210,240,,330,210,210,250,250,210,230,240,240,290,310,240,210,210,250,290,,250,240,240,190,190,180,160,170,200,200,170,160,140,150,160,180,165,150,160,160,120,125,130,,160,170,,150,130,130,160,160,160,160
1002E,2018,9,SEÑORIO DE BERTIZ,146,NAVARRA,250,290,280,250,210,210,210,290,245,210,320,290,210,250,280,290,330,290,290,330,250,290,290,200,210,285,290,250,240,210,,160,120,120,125,135,160,155,145,160,180,150,160,165,135,120,120,140,155,160,160,175,175,140,150,75,80,100,135,155,115,
1002E,2018,10,SEÑORIO DE BERTIZ,146,NAVARRA,190,190,200,250,280,240,140,175,210,210,250,250,275,240,210,210,210,210,210,200,245,170,170,190,195,145,105,60,60,150,110,120,80,40,100,120,110,110,110,105,110,130,150,160,210,120,100,120,110,120,135,130,130,80,80,80,80,80,40,45,15,80
1002E,2018,11,SEÑORIO DE BERTIZ,146,NAVARRA,,130,130,120,,110,,170,165,170,180,170,160,210,210,210,170,,165,55,150,135,130,140,130,115,130,170,130,130,,,,70,20,40,,80,,70,95,120,150,110,90,115,70,70,55,50,45,45,45,,45,70,40,60,40,40,80,
1002E,2018,12,SEÑORIO DE BERTIZ,146,NAVARRA,120,160,130,170,200,130,130,130,120,130,115,120,90,90,130,160,130,,130,160,,165,,140,115,125,,85,120,90,85,60,80,80,80,50,55,40,45,80,70,20,40,70,90,70,80,40,50,,35,40,,55,33,70,25,-5,,55,20,15
1002E,2019,1,SEÑORIO DE BERTIZ,146,NAVARRA,40,45,50,10,80,45,50,85,70,50,75,85,80,110,120,160,105,75,80,90,80,90,85,80,90,130,90,85,85,110,120,0,0,-10,-20,-35,-40,5,25,45,0,-20,-5,50,80,70,0,10,40,50,50,50,60,40,35,40,70,40,60,55,40,50
1002E,2019,2,SEÑORIO DE BERTIZ,146,NAVARRA,120,90,80,90,90,170,90,170,170,130,90,140,170,170,170,210,210,170,170,170,210,210,210,210,240,240,250,165,,,,80,50,-10,-10,40,80,60,15,25,90,60,20,0,40,50,-20,95,40,35,20,30,20,0,0,0,20,20,40,,,
1002E,2019,3,SEÑORIO DE BERTIZ,146,NAVARRA,170,170,210,120,190,200,130,130,160,130,130,200,90,90,130,245,90,120,90,130,170,210,220,210,160,160,170,170,210,210,210,40,40,40,90,40,120,50,50,80,80,70,0,40,70,80,25,60,50,50,40,10,0,-10,20,40,25,0,5,20,110,40
1002E,2019,4,SEÑORIO DE BERTIZ,146,NAVARRA,160,160,90,130,130,160,130,120,170,160,130,160,220,195,245,210,230,170,210,210,170,210,200,170,170,130,130,160,210,210,,90,80,50,30,90,60,60,60,40,70,70,70,10,40,80,80,100,150,100,100,80,80,100,80,85,90,80,80,70,70,
1002E,2019,5,SEÑORIO DE BERTIZ,146,NAVARRA,200,160,130,160,130,210,250,190,215,250,170,200,210,230,250,250,120,120,120,170,210,245,210,130,170,160,160,160,170,250,280,40,100,80,80,20,30,40,130,80,95,120,90,80,40,80,80,100,80,80,90,80,90,100,100,120,120,120,110,120,80,80
1002E,2019,6,SEÑORIO DE BERTIZ,146,NAVARRA,320,325,250,290,150,245,210,210,210,170,155,205,250,170,210,250,325,350,250,170,170,280,330,250,290,385,345,290,260,250,,120,120,120,150,120,100,120,70,130,120,100,80,80,100,120,100,125,155,150,160,130,110,120,160,160,170,170,170,160,170,
1002E,2019,7,SEÑORIO DE BERTIZ,146,NAVARRA,210,235,290,,325,285,250,210,210,250,285,290,250,250,250,250,250,250,290,210,250,330,370,,365,205,170,,290,210,240,180,170,170,170,,200,180,190,170,145,160,150,155,160,145,130,130,170,130,,170,190,180,175,190,195,160,145,,120,120
1002E,2019,8,SEÑORIO DE BERTIZ,146,NAVARRA,250,250,290,250,240,270,280,330,320,240,210,210,210,250,210,290,290,250,215,210,250,250,330,325,285,280,250,290,290,290,250,140,150,150,160,190,180,190,175,180,180,140,150,140,110,170,120,120,145,150,150,120,115,115,120,185,180,170,185,170,170,200
1002E,2019,9,SEÑORIO DE BERTIZ,146,NAVARRA,250,210,250,250,210,205,200,210,210,170,210,250,250,290,285,290,290,250,250,290,250,210,240,250,210,250,245,250,310,290,,160,125,100,95,120,95,70,140,80,110,140,100,120,150,160,175,160,165,155,150,190,160,120,130,150,115,120,130,120,120,
1002E,2019,10,SEÑORIO DE BERTIZ,146,NAVARRA,205,170,210,180,210,170,210,250,190,205,280,280,290,250,170,200,210,170,210,160,170,100,160,130,210,240,230,200,230,230,170,140,140,125,100,120,130,115,115,140,100,110,140,200,160,95,85,110,125,120,120,85,70,90,100,90,80,85,105,100,100,120
1002E,2019,11,SEÑORIO DE BERTIZ,146,NAVARRA,205,170,180,170,100,130,140,90,90,60,80,90,120,125,85,65,85,80,90,125,125,130,90,120,180,170,170,125,165,170,,125,135,105,120,80,80,90,70,60,55,45,50,45,45,45,25,40,50,30,40,45,55,80,70,70,80,70,80,80,80,
1002E,2019,12,SEÑORIO DE BERTIZ,146,NAVARRA,130,90,50,90,120,160,160,90,90,90,90,150,130,170,170,180,120,170,165,130,170,130,140,160,170,125,90,140,120,120,120,50,50,40,0,60,30,30,40,40,60,65,55,65,90,80,120,110,50,150,100,70,80,80,50,30,60,15,0,-10,-10,-15
1002E,2020,1,SEÑORIO DE BERTIZ,146,NAVARRA,130,130,75,85,130,130,130,150,130,90,90,110,120,110,130,165,90,130,80,50,50,120,100,130,130,150,140,140,140,170,210,50,-10,0,35,40,0,0,25,40,65,20,-10,-10,60,95,40,80,40,50,0,0,40,50,55,30,70,40,80,35,100,90
1002E,2020,2,SEÑORIO DE BERTIZ,146,NAVARRA,210,190,240,140,150,190,170,130,150,210,120,170,170,170,170,210,125,130,160,210,170,210,210,245,120,100,145,170,160,,,90,80,50,80,50,10,90,40,40,70,80,85,80,100,40,140,120,65,40,10,50,30,25,0,50,80,65,80,90,,
1002E,2020,3,SEÑORIO DE BERTIZ,146,NAVARRA,180,90,130,160,130,90,90,130,85,170,235,130,110,155,210,100,130,210,210,200,210,170,170,205,190,130,150,170,130,80,80,45,80,40,60,80,55,50,35,40,60,50,55,95,45,40,40,70,65,60,90,90,80,100,90,40,70,0,20,30,20,0
1002E,2020,4,SEÑORIO DE BERTIZ,146,NAVARRA,130,170,160,230,210,170,170,245,250,230,210,200,210,210,210,245,235,210,170,150,120,130,210,250,210,200,170,170,210,210,,60,95,40,10,70,110,110,90,100,100,110,120,80,85,100,105,120,125,125,120,110,105,110,120,120,130,130,100,90,120,
1002E,2020,5,SEÑORIO DE BERTIZ,146,NAVARRA,200,250,280,320,250,250,290,280,280,160,160,155,170,130,130,190,210,210,245,280,285,250,170,210,250,250,285,320,290,290,290,130,150,120,120,130,120,120,180,120,150,120,120,120,120,120,120,120,80,90,85,90,120,150,110,120,95,120,125,120,120,130
1002E,2020,6,SEÑORIO DE BERTIZ,146,NAVARRA,285,285,205,165,170,210,170,140,170,180,175,210,220,240,210,210,200,210,240,230,250,250,325,330,290,210,290,250,210,285,,150,155,185,130,115,120,120,110,120,120,115,80,110,130,130,120,140,100,110,140,110,160,140,160,170,170,160,160,180,150,
1002E,2020,7,SEÑORIO DE BERTIZ,146,NAVARRA,210,160,,,295,210,240,285,280,210,250,250,250,210,210,200,,290,325,290,290,285,250,250,290,,350,240,280,395,330,160,,130,,,120,150,120,125,155,165,150,160,125,130,135,155,,130,140,160,160,180,130,140,150,,170,160,,170
1002E,2020,8,SEÑORIO DE BERTIZ,146,NAVARRA,210,210,210,230,320,380,390,330,330,290,290,320,240,285,290,250,290,290,370,370,290,250,240,250,320,245,300,180,200,190,210,180,170,140,150,130,120,180,170,180,200,190,190,170,165,170,160,120,130,150,150,160,145,150,160,125,155,160,170,130,125,110
1002E,2020,9,SEÑORIO DE BERTIZ,146,NAVARRA,250,250,280,320,210,210,210,250,210,250,250,285,320,330,320,310,280,280,240,250,210,250,250,245,130,130,160,170,210,250,,110,120,100,120,120,150,130,110,100,110,120,135,135,140,190,140,150,180,190,140,160,150,150,140,90,110,80,90,90,85,
1002E,2020,10,SEÑORIO DE BERTIZ,146,NAVARRA,170,170,130,130,180,190,165,240,170,170,130,130,120,130,125,130,170,200,240,205,240,,170,170,170,,160,170,210,210,240,90,110,90,80,90,90,120,120,120,120,90,95,100,80,80,75,55,55,70,,190,120,130,85,,80,80,85,80,60,65
1002E,2020,11,SEÑORIO DE BERTIZ,146,NAVARRA,250,240,130,110,180,230,160,195,210,170,200,210,190,170,200,130,170,210,120,130,130,170,145,165,175,190,190,165,180,180,,80,150,100,60,45,100,120,70,80,65,70,70,80,85,125,110,50,40,50,80,5,-20,-25,0,50,70,100,35,30,40,
1002E,2020,12,SEÑORIO DE BERTIZ,146,NAVARRA,120,80,120,90,60,55,80,85,110,115,130,105,140,165,120,150,120,130,160,130,130,170,150,90,50,80,90,80,80,70,90,40,50,40,50,25,40,45,45,35,40,80,100,75,90,90,40,90,40,120,45,50,45,125,70,20,25,20,40,50,40,40
1002E,2021,1,SEÑORIO DE BERTIZ,146,NAVARRA,85,50,50,50,35,60,50,50,10,40,60,50,90,110,90,120,90,90,130,105,135,110,130,90,90,100,125,210,150,120,120,20,30,0,15,5,-10,-30,-30,0,-5,10,-5,5,40,60,40,35,40,0,95,90,85,40,50,50,20,80,100,100,95,90
1002E,2021,2,SEÑORIO DE BERTIZ,146,NAVARRA,130,195,170,165,150,110,110,120,110,90,190,140,150,165,160,160,200,205,210,240,175,110,180,210,180,150,150,130,,,,80,80,130,110,85,100,55,60,60,60,40,90,80,30,95,110,50,130,70,170,100,80,60,120,120,110,110,60,,,
1002E,2021,3,SEÑORIO DE BERTIZ,146,NAVARRA,170,160,170,170,140,100,130,110,90,200,220,130,170,110,110,130,150,95,75,115,130,135,190,200,190,155,170,240,260,260,275,80,110,90,50,60,50,60,70,70,10,45,80,20,90,70,70,80,50,40,35,0,40,20,15,95,60,70,50,50,110,110
1002E,2021,4,SEÑORIO DE BERTIZ,146,NAVARRA,250,225,165,165,200,110,145,180,150,205,120,130,170,190,160,150,120,170,230,205,210,200,250,250,210,150,130,150,120,130,,100,100,95,35,25,65,5,20,120,115,110,50,20,10,5,0,10,70,10,90,50,90,80,110,130,130,120,100,100,110,
1002E,2021,5,SEÑORIO DE BERTIZ,146,NAVARRA,130,160,205,220,200,225,240,320,230,220,160,200,190,160,160,140,180,230,170,270,190,130,200,155,165,210,260,285,250,250,320,110,60,40,50,80,80,135,115,200,90,95,95,80,80,90,110,90,80,90,60,60,80,70,80,105,60,90,110,150,140,140
1002E,2021,6,SEÑORIO DE BERTIZ,146,NAVARRA,210,270,190,160,160,230,240,280,220,250,240,280,330,315,290,321,206,263,277,258,237,203,159,202,247,307,184,239,218,251,,170,140,145,135,120,140,120,130,130,150,120,180,170,170,160,170,172,148,184,165,131,136,140,138,135,142,159,106,118,131,
1002E,2021,7,SEÑORIO DE BERTIZ,146,NAVARRA,254,345,246,260,,,,,,,,180,160,170,210,240,270,270,300,310,300,310,300,260,250,260,240,220,280,250,190,149,163,178,173,160,,149,137,123,137,132,138,130,131,141,144,157,147,150,170,200,200,200,160,160,160,130,170,170,180,160
1002E,2021,8,SEÑORIO DE BERTIZ,146,NAVARRA,200,250,260,230,290,220,200,220,305,289,301,301,290,320,220,236,215,200,212,342,254,240,252,265,285,301,279,255,260,245,283,128,118,120,136,144,148,156,130,129,159,164,187,180,183,194,165,153,142,144,150,193,153,156,135,138,141,130,129,109,110,117
1002E,2021,9,SEÑORIO DE BERTIZ,146,NAVARRA,220,271,247,297,343,364,256,292,240,241,274,309,276,284,280,204,273,190,184,165,187,204,224,260,278,249,225,230,184,211,,147,164,163,166,175,164,194,168,171,172,163,144,160,179,158,157,137,139,122,132,113,113,122,140,145,134,134,128,132,105,
1002E,2021,10,SEÑORIO DE BERTIZ,146,NAVARRA,242,261,174,199,162,193,209,205,175,194,204,195,181,239,224,222,223,256,279,274,187,154,187,219,205,187,210,217,184,184,220,83,94,111,102,84,115,88,75,76,91,95,84,76,48,80,121,104,113,123,175,133,119,85,98,44,92,84,65,68,139,113
1002E,2021,11,SEÑORIO DE BERTIZ,146,NAVARRA,160,193,101,105,105,99,108,140,130,146,157,129,150,121,121,121,84,140,174,161,139,107,98,101,79,73,59,64,84,120,,116,75,75,68,67,35,35,84,34,13,68,69,79,100,85,80,79,46,13,16,35,49,54,49,50,45,51,12,29,79,
1002E,2021,12,SEÑORIO DE BERTIZ,146,NAVARRA,97,80,79,125,87,106,135,66,125,104,99,135,146,116,117,131,139,132,132,132,142,179,161,163,151,136,164,187,180,194,189,47,52,44,47,50,40,41,29,29,93,81,81,17,10,-10,-10,-9,-9,-4,-6,-8,11,108,101,88,46,58,113,68,49,39
1002E,2022,1,SEÑORIO DE BERTIZ,146,NAVARRA,199,185,181,194,83,73,89,129,132,122,127,97,123,132,122,125,114,100,89,91,64,84,132,113,164,158,139,109,114,103,94,38,43,46,97,53,0,0,18,61,85,84,8,-1,-25,-34,-38,-37,-31,37,41,5,-24,-35,-27,-27,-26,-28,18,-6,-1,20
1002E,2022,2,SEÑORIO DE BERTIZ,146,NAVARRA,100,152,168,92,109,111,112,196,197,201,101,175,180,114,139,149,153,200,126,115,135,184,204,119,121,181,160,215,,,,38,58,-3,7,60,-5,50,48,30,12,43,29,52,45,45,56,99,43,68,18,43,17,7,15,27,-13,100,16,,,
1002E,2022,3,SEÑORIO DE BERTIZ,146,NAVARRA,220,150,136,115,107,124,144,140,162,177,169,178,169,145,217,171,108,104,192,181,180,153,182,190,202,208,205,205,184,122,111,-7,70,50,70,51,44,26,76,9,80,119,46,51,46,65,136,98,76,53,86,109,109,59,43,83,57,60,98,96,95,74
1002E,2022,4,SEÑORIO DE BERTIZ,146,NAVARRA,63,106,92,109,154,141,206,192,156,241,272,216,189,183,217,227,224,148,110,103,102,184,153,149,217,264,187,147,166,199,,20,40,8,-20,-20,26,31,63,75,12,126,117,76,98,104,110,61,68,94,76,76,59,69,89,58,70,110,123,116,121,
1002E,2022,5,SEÑORIO DE BERTIZ,146,NAVARRA,213,139,174,169,199,190,225,234,282,312,315,263,271,318,315,308,318,349,288,270,354,338,226,159,176,220,229,255,257,255,285,96,101,104,108,88,88,99,90,77,89,101,134,141,139,159,122,128,130,164,190,156,154,164,119,109,81,143,130,104,107,98
1002E,2022,6,SEÑORIO DE BERTIZ,146,NAVARRA,340,294,244,234,254,289,255,212,245,299,275,293,275,335,344,362,399,416,339,254,249,248,254,272,192,176,162,269,227,168,,119,133,178,168,161,137,144,141,147,109,163,174,170,175,173,213,206,189,178,170,176,165,155,146,142,127,130,136,141,137,
1002E,2022,7,SEÑORIO DE BERTIZ,146,NAVARRA,251,314,253,205,235,243,266,269,299,328,354,356,365,366,341,387,401,424,314,252,333,229,288,407,279,263,273,276,244,285,290,102,112,153,159,165,157,137,144,134,130,141,141,155,148,145,169,163,163,181,181,180,194,154,154,168,179,129,139,152,169,171
1002E,2022,8,SEÑORIO DE BERTIZ,146,NAVARRA,310,368,347,285,237,304,321,335,346,386,399,370,329,268,285,279,238,187,255,309,270,225,282,349,247,243,280,352,330,330,229,179,164,164,220,200,179,152,138,141,170,172,189,190,203,153,159,120,140,150,150,161,164,200,180,200,188,171,170,179,154,200
1002E,2022,9,SEÑORIO DE BERTIZ,146,NAVARRA,282,253,245,329,341,321,268,275,249,301,365,320,299,312,275,236,223,260,264,242,238,256,218,170,184,192,165,170,152,189,,188,189,159,155,136,130,130,128,137,114,110,115,190,193,163,161,124,87,77,65,66,75,127,127,113,103,133,144,126,106,
1002E,2022,10,SEÑORIO DE BERTIZ,146,NAVARRA,235,243,266,266,285,227,268,195,275,217,200,195,225,242,285,282,285,291,295,255,221,253,274,236,284,282,281,247,290,219,216,102,131,130,151,114,143,118,166,130,130,154,161,131,133,116,115,179,140,141,141,173,153,142,142,109,119,118,199,147,139,132
1002E,2022,11,SEÑORIO DE BERTIZ,146,NAVARRA,207,216,196,159,178,198,213,196,159,187,224,230,232,173,180,182,172,119,91,123,120,116,142,120,106,132,155,165,,127,,124,103,107,81,73,35,36,100,135,71,51,100,76,74,112,92,88,86,66,56,56,48,90,75,80,75,40,90,90,85,
1002E,2022,12,SEÑORIO DE BERTIZ,146,NAVARRA,92,83,83,84,126,160,133,113,145,65,51,103,162,175,158,103,125,162,169,172,182,169,198,187,196,189,173,176,165,194,219,26,19,19,8,-6,70,79,74,75,5,-18,13,70,89,78,75,42,29,143,136,66,60,66,72,104,106,100,58,105,104,133
1002E,2023,1,SEÑORIO DE BERTIZ,146,NAVARRA,216,121,144,139,155,132,126,126,91,149,116,128,117,156,86,75,83,49,99,89,55,79,27,37,41,90,46,34,46,90,119,80,106,64,10,60,4,12,58,71,57,43,39,36,40,80,26,58,8,4,7,-25,-26,10,10,11,23,8,16,21,13,40
1002E,2023,2,SEÑORIO DE BERTIZ,146,NAVARRA,94,124,140,93,103,108,65,123,132,148,161,163,187,189,193,199,218,227,184,244,223,139,53,119,105,95,29,56,,,,44,-16,-17,-13,64,36,-16,0,-16,-35,-37,1,-17,16,84,-4,-8,-1,9,52,95,74,49,-1,-18,56,0,-22,,,
1002E,2023,3,SEÑORIO DE BERTIZ,146,NAVARRA,84,80,98,125,175,154,152,199,216,164,177,237,259,146,209,269,170,180,196,229,197,237,246,156,224,179,160,246,286,263,161,-19,-15,29,-19,-21,20,99,75,63,153,90,106,109,93,73,80,75,100,75,44,35,52,62,139,29,124,76,19,91,80,140
1002E,2023,4,SEÑORIO DE BERTIZ,146,NAVARRA,131,113,161,153,186,211,238,244,283,226,251,113,104,139,122,170,189,192,270,246,288,187,170,199,190,254,293,302,179,204,,103,73,79,48,16,38,20,39,50,59,130,61,54,57,89,43,47,59,50,55,59,130,88,90,106,135,132,120,165,129,
1002E,2023,5,SEÑORIO DE BERTIZ,146,NAVARRA,204,241,312,266,255,277,232,248,189,167,150,188,168,174,179,179,192,188,189,170,206,190,201,193,202,247,287,274,258,270,260,125,94,84,113,100,97,130,91,109,98,92,92,94,105,113,108,56,61,69,108,102,111,137,140,134,86,117,126,135,136,141
1002E,2023,6,SEÑORIO DE BERTIZ,146,NAVARRA,230,277,272,260,267,277,257,274,300,283,255,262,248,197,251,295,305,294,244,242,252,258,281,305,257,230,217,244,235,204,,133,130,125,126,136,164,154,164,181,145,178,164,162,162,152,143,184,175,172,172,185,181,156,156,146,185,173,171,178,146,
1002E,2023,7,SEÑORIO DE BERTIZ,146,NAVARRA,220,228,255,250,252,295,280,304,249,317,243,259,256,355,220,234,260,286,247,224,240,273,302,214,177,223,332,305,291,215,285,149,148,135,182,151,166,158,173,201,162,199,166,174,146,166,144,173,173,189,177,170,153,158,165,152,144,143,158,178,183,154
1002E,2023,8,SEÑORIO DE BERTIZ,146,NAVARRA,265,301,215,196,255,232,252,300,330,275,314,274,246,277,273,249,315,360,332,303,324,313,375,397,258,214,192,202,206,194,254,145,165,162,141,132,137,113,134,139,190,164,180,179,195,181,183,193,194,168,200,209,212,216,203,202,178,141,141,147,146,125
1002E,2023,9,SEÑORIO DE BERTIZ,146,NAVARRA,294,170,256,300,309,305,310,304,317,312,266,230,226,270,260,255,264,265,265,279,186,186,215,275,267,258,270,303,291,300,,129,147,136,164,175,171,158,165,161,161,172,174,168,167,159,165,174,154,148,144,141,122,113,96,93,104,116,120,139,142,
1002E,2023,10,SEÑORIO DE BERTIZ,146,NAVARRA,305,317,237,260,285,293,286,294,283,291,293,290,269,228,194,232,276,265,210,166,195,202,189,174,193,161,206,211,200,198,188,144,137,150,146,157,156,154,125,129,141,129,106,112,128,140,133,144,188,162,130,69,53,112,99,97,150,75,74,170,133,64
1002E,2023,11,SEÑORIO DE BERTIZ,146,NAVARRA,198,186,116,189,187,169,141,164,149,133,149,195,215,221,183,169,163,196,183,143,113,115,120,109,131,111,109,127,174,129,,93,119,64,79,75,69,49,49,105,92,106,116,100,114,134,108,107,59,59,78,93,94,47,67,80,38,32,99,98,93,
1002E,2023,12,SEÑORIO DE BERTIZ,146,NAVARRA,94,95,119,124,104,107,118,118,142,182,187,143,100,103,124,114,128,116,96,100,114,128,124,124,99,108,168,147,132,151,117,89,69,29,26,58,51,23,84,50,50,50,99,86,76,79,41,-2,-10,10,51,83,91,89,59,16,-4,-1,13,64,55,79
1002E,2024,1,SEÑORIO DE BERTIZ,146,NAVARRA,177,152,142,139,89,63,63,63,51,52,56,89,109,117,129,180,198,187,58,104,155,160,189,198,168,160,190,210,180,172,190,42,64,99,21,75,45,39,27,-20,-30,18,-2,-15,55,55,84,98,148,29,-34,20,59,40,60,29,28,38,63,120,100,19
1002E,2024,2,SEÑORIO DE BERTIZ,146,NAVARRA,78,145,207,154,177,129,175,162,164,108,140,138,215,185,245,155,159,183,156,170,164,197,116,92,139,119,81,114,144,,,18,78,54,40,61,59,9,76,110,78,60,44,38,39,141,102,75,29,86,86,18,126,34,40,41,74,64,57,69,,
1002E,2024,3,SEÑORIO DE BERTIZ,146,NAVARRA,136,137,79,130,136,183,203,142,152,136,104,154,232,239,229,240,243,240,252,234,253,269,169,148,187,143,167,189,120,173,130,44,94,32,23,33,8,8,58,72,44,69,62,31,83,59,69,97,114,101,113,117,105,110,91,55,49,17,76,105,43,59
1002E,2024,4,SEÑORIO DE BERTIZ,146,NAVARRA,184,163,225,251,255,280,233,260,129,180,222,300,317,320,156,124,135,152,232,195,168,135,127,119,142,180,174,189,128,240,,41,39,80,85,140,153,140,106,66,67,72,62,63,81,93,97,85,64,54,33,28,48,68,44,51,76,78,53,56,80,
1002E,2024,5,SEÑORIO DE BERTIZ,146,NAVARRA,122,181,204,236,245,183,140,211,262,285,301,175,255,174,173,190,183,203,185,154,176,203,192,223,284,182,154,249,256,204,205,89,73,63,131,86,97,104,107,99,99,122,116,107,113,87,87,92,107,112,118,101,89,94,72,75,139,132,92,115,135,105
1002E,2024,6,SEÑORIO DE BERTIZ,146,NAVARRA,204,210,212,253,305,267,268,269,174,190,174,205,272,298,209,270,312,258,244,187,204,184,200,247,323,321,227,224,180,198,,116,126,136,149,147,129,139,146,149,113,129,122,91,104,132,84,129,167,158,147,143,133,139,139,134,142,209,190,166,150,
1002E,2024,7,SEÑORIO DE BERTIZ,146,NAVARRA,200,198,242,253,306,184,233,319,275,301,317,209,266,314,263,245,300,327,314,271,188,260,297,264,259,242,226,334,378,306,320,127,133,133,126,150,169,121,124,175,165,169,181,128,151,170,143,143,163,182,207,154,145,150,176,189,189,184,192,178,199,172
1002E,2024,8,SEÑORIO DE BERTIZ,146,NAVARRA,260,204,256,296,304,251,258,271,293,341,393,260,275,223,217,246,283,211,230,240,253,280,294,315,224,269,325,295,262,282,302,189,190,147,169,178,178,178,196,184,177,180,197,190,169,154,143,151,181,134,125,142,137,141,166,161,149,130,131,189,169,196
1002E,2024,9,SEÑORIO DE BERTIZ,146,NAVARRA,280,273,202,183,196,179,243,198,183,209,183,166,187,219,203,204,205,227,272,246,242,214,190,244,249,233,167,176,243,256,,187,176,169,167,133,132,131,134,140,149,144,139,102,67,67,70,83,105,116,121,149,151,126,100,134,167,126,109,74,84,
1002E,2024,10,SEÑORIO DE BERTIZ,146,NAVARRA,256,179,164,189,224,236,232,225,236,199,226,215,278,250,237,250,148,164,213,226,264,186,236,240,134,120,161,160,209,189,224,126,139,116,99,76,147,165,118,168,133,89,139,119,160,150,150,135,117,106,106,124,124,106,109,116,109,94,92,96,113,109
1002E,2024,11,SEÑORIO DE BERTIZ,146,NAVARRA,223,204,210,210,226,214,217,195,169,164,145,124,119,164,172,194,127,140,142,129,159,105,178,213,217,120,160,179,179,179,,94,97,106,107,114,106,100,99,117,116,114,99,48,31,31,63,49,86,69,105,100,80,42,128,173,43,26,26,30,40,
1002E,2024,12,SEÑORIO DE BERTIZ,146,NAVARRA,182,144,116,112,132,150,121,71,64,63,64,99,111,92,105,135,144,180,159,105,105,127,73,120,134,144,162,144,130,114,119,49,74,92,60,13,84,113,51,27,32,26,-6,26,-8,56,-3,32,35,98,55,56,67,65,66,79,81,56,-8,12,-6,-21
